idx_type,date,value
index_old,1972-10-01,17.2597455648926
index_old,1973-01-01,13.2548543253744
index_old,1973-04-01,12.7961307399084
index_old,1973-07-01,6.75759715858282
index_old,1973-10-01,-3.14119240412865
index_old,1974-01-01,-3.08712522552449
index_old,1974-04-01,-17.9584140341504
index_old,1974-07-01,-20.2998925937994
index_old,1974-10-01,-23.3477316923938
index_old,1975-01-01,-25.1423812676435
index_old,1975-04-01,-33.6559869408367
index_old,1975-07-01,-32.4755766082846
index_old,1975-10-01,-35.3835310629765
index_old,1976-01-01,-40.6708325900529
index_old,1976-04-01,-19.9267539250079
index_old,1976-07-01,0.883871130828247
index_old,1976-10-01,-1.23456441409112
index_old,1977-01-01,-19.0844158653373
index_old,1977-04-01,1.20139098618087
index_old,1977-07-01,10.0830970595053
index_old,1977-10-01,6.65416263971476
index_old,1978-01-01,7.22846835564533
index_old,1978-04-01,6.10719247082884
index_old,1978-07-01,11.4375583987271
index_old,1978-10-01,-7.45708865991499
index_old,1979-01-01,2.71607693659104
index_old,1979-04-01,10.0407737429443
index_old,1979-07-01,3.41887259519181
index_old,1979-10-01,3.98433894425381
index_old,1980-01-01,9.54574075433481
index_old,1980-04-01,13.1236426089023
index_old,1980-07-01,12.7982651034204
index_old,1980-10-01,5.67741935859306
index_old,1981-01-01,2.02013551419598
index_old,1981-04-01,-12.1722142750275
index_old,1981-07-01,-11.3407152050061
index_old,1981-10-01,-18.1307850600376
index_old,1982-01-01,-15.5556910554498
index_old,1982-04-01,-14.8912339028352
index_old,1982-07-01,-25.237469118376
index_old,1982-10-01,-28.6875729216251
index_old,1983-01-01,-25.4014178284033
index_old,1983-04-01,-16.3684927101015
index_old,1983-07-01,-18.2477274146958
index_old,1983-10-01,-12.8054152841692
index_old,1984-01-01,-8.50447621064834
index_old,1984-04-01,-7.89538455839809
index_old,1984-07-01,-2.04681717358469
index_old,1984-10-01,-0.648768123529216
index_old,1985-01-01,4.27938395759807
index_old,1985-04-01,1.84149473219085
index_old,1985-07-01,4.24301478860878
index_old,1985-10-01,9.60727846609019
index_old,1986-01-01,19.6164730185355
index_old,1986-04-01,18.4186221105957
index_old,1986-07-01,10.8063118074242
index_old,1986-10-01,15.3245320191285
index_old,1987-01-01,13.3278312221089
index_old,1987-04-01,11.2220020786929
index_old,1987-07-01,11.7543672325539
index_old,1987-10-01,7.93814005367911
index_old,1988-01-01,6.42048032495214
index_old,1988-04-01,5.19408071041494
index_old,1988-07-01,11.6277283336836
index_old,1988-10-01,14.9512696963873
index_old,1989-01-01,24.7481657768983
index_old,1989-04-01,18.2549327383004
index_old,1989-07-01,5.6449394765375
index_old,1989-10-01,11.3118716536818
index_old,1990-01-01,1.03999571283114
index_old,1990-04-01,-0.853902540193678
index_old,1990-07-01,-2.36980746402319
index_old,1990-10-01,-28.0646831748423
index_old,1991-01-01,-27.571714062915
index_old,1991-04-01,-26.5712002553709
index_old,1991-07-01,-31.4781180886
index_old,1991-10-01,-45.4755509398817
index_old,1992-01-01,-49.9265463609459
index_old,1992-04-01,-46.3909982695685
index_old,1992-07-01,-51.9328153875649
index_old,1992-10-01,-53.5517222136702
index_old,1993-01-01,-48.3529634311553
index_old,1993-04-01,-47.2149703477115
index_old,1993-07-01,-49.1543241208936
index_old,1993-10-01,-40.7373538164428
index_old,1994-01-01,-31.0658670458874
index_old,1994-04-01,-19.6784197315602
index_old,1994-07-01,-15.7390360901634
index_old,1994-10-01,-14.369860348054
index_old,1995-01-01,-20.3900313783528
index_old,1995-04-01,-12.5159032515794
index_old,1995-07-01,-17.8816733043985
index_old,1995-10-01,-19.575375372288
index_old,1996-01-01,-31.1248374414601
index_old,1996-04-01,-38.2385688014395
index_old,1996-07-01,-41.3494666485281
index_old,1996-10-01,-38.6872225723009
index_old,1997-01-01,-35.1441412057123
index_old,1997-04-01,-30.9853246177882
index_old,1997-07-01,-21.6650894139146
index_old,1997-10-01,-12.680776550358
index_old,1998-01-01,-11.659860168531
index_old,1998-04-01,-4.07261453061584
index_old,1998-07-01,2.50223528011415
index_old,1998-10-01,2.40075987215753
index_old,1999-01-01,2.17827742207709
index_old,1999-04-01,-1.89130501769284
index_old,1999-07-01,4.05810704783636
index_old,1999-10-01,8.22618682246278
index_old,2000-01-01,18.0388171533436
index_old,2000-04-01,18.5851719649835
index_old,2000-07-01,21.1857723620459
index_old,2000-10-01,20.8022152349982
index_old,2001-01-01,25.2793782133143
index_old,2001-04-01,20.7503136890383
index_old,2001-07-01,12.0183162237359
index_old,2001-10-01,-16.5637782340468
index_old,2002-01-01,-11.0716637279568
index_old,2002-04-01,-9.15340516206724
index_old,2002-07-01,-18.1715500442991
index_old,2002-10-01,-38.601923695218
index_old,2003-01-01,-24.9027814249332
index_old,2003-04-01,-35.8994323976393
index_old,2003-07-01,-35.4972341580716
index_old,2003-10-01,-27.5503577243058
index_old,2004-01-01,-21.9867854077538
index_old,2004-04-01,-13.3469206973954
index_old,2004-07-01,-12.4298765547532
index_old,2004-10-01,-12.9507700345405
index_old,2005-01-01,-9.66717080319238
index_old,2005-04-01,-9.45070627639771
index_old,2005-07-01,-15.2022862740217
index_old,2005-10-01,-14.8602484413677
index_old,2006-01-01,1.91856965834661
index_old,2006-04-01,6.8816265847813
index_old,2006-07-01,12.3271662250407
index_old,2006-10-01,12.5540960043793
index_old,2007-01-01,17.3900666264443
index_old,2007-04-01,20.0640485681983
index_old,2007-07-01,14.7208963899633
index_old,2007-10-01,14.6266374160631
index_old,2008-01-01,14.0649088530242
index_old,2008-04-01,1.99434874072315
index_old,2008-07-01,-17.2834441657541
index_old,2008-10-01,-27.0862675835655
index_old,2009-01-01,-22.7486556778728
index_old,2009-04-01,-37.5849517015831
index_old,2009-07-01,-41.8514299300073
index_old,2009-10-01,-29.5690485664306
index_old,2010-01-01,-22.097692872899
index_old,2010-04-01,-4.22243571519987
index_old,2010-07-01,1.40968793226736
index_old,2010-10-01,1.98778546660035
index_old,2011-01-01,5.63463159951459
index_old,2011-04-01,5.02020145803679
index_old,2011-07-01,-6.28537932876828
index_old,2011-10-01,-18.0964469691823
index_old,2012-01-01,-18.4560787694498
index_old,2012-04-01,-8.86250686388312
index_old,2012-07-01,-13.1063117826616
index_old,2012-10-01,-10.9173488494954
index_old,2013-01-01,-2.05455867760539
index_old,2013-04-01,-4.74142457582155
index_old,2013-07-01,-5.98439363812961
index_old,2013-10-01,-1.32218407583049
index_old,2014-01-01,2.73574855025695
index_old,2014-04-01,0.396984378843859
index_old,2014-07-01,-0.732231170689283
index_old,2014-10-01,-5.28549075808773
index_old,2015-01-01,-0.688197306881572
index_old,2015-04-01,-7.02762230829554
index_old,2015-07-01,-17.0995570912342
index_old,2015-10-01,-14.5586374568167
index_old,2016-01-01,-12.9257382943729
index_old,2016-04-01,-11.7008885501944
index_old,2016-07-01,-14.3470311859204
index_old,2016-10-01,-12.2608373103195
index_old,2017-01-01,-6.43669986038063
index_old,2017-04-01,-7.02191692238034
index_old,2017-07-01,-1.96770012645945
index_old,2017-10-01,-2.26747503857227
index_old,2018-01-01,1.26013214472024
index_old,2018-04-01,0.270381084791306
i6_index,1972-10-01,5.51341444123053
i6_index,1973-01-01,-5.90888761197266
i6_index,1973-04-01,-6.70300131586456
i6_index,1973-07-01,-8.12843704528985
i6_index,1973-10-01,-20.8836149745313
i6_index,1974-01-01,-18.3853418887988
i6_index,1974-04-01,-31.334275618861
i6_index,1974-07-01,-27.4472169588665
i6_index,1974-10-01,-36.2964078623001
i6_index,1975-01-01,-34.6913447713322
i6_index,1975-04-01,-24.3756255563004
i6_index,1975-07-01,-20.5283490869387
i6_index,1975-10-01,-27.3588381434235
i6_index,1976-01-01,-27.4026163690199
i6_index,1976-04-01,4.09604525569526
i6_index,1976-07-01,13.5515336153639
i6_index,1976-10-01,2.63520926243312
i6_index,1977-01-01,-18.352767996049
i6_index,1977-04-01,-1.2863614583523
i6_index,1977-07-01,7.32218113137411
i6_index,1977-10-01,-0.780226726576795
i6_index,1978-01-01,1.71745917992213
i6_index,1978-04-01,-0.646380180965544
i6_index,1978-07-01,-3.27950270815587
i6_index,1978-10-01,-20.3699566906025
i6_index,1979-01-01,-9.20044363561022
i6_index,1979-04-01,3.28290812332276
i6_index,1979-07-01,-10.7395848346747
i6_index,1979-10-01,-17.0449169392025
i6_index,1980-01-01,-10.3547769867628
i6_index,1980-04-01,-9.06125067496852
i6_index,1980-07-01,-7.38795634021935
i6_index,1980-10-01,-15.8860000796755
i6_index,1981-01-01,-19.8563480524024
i6_index,1981-04-01,-25.8149631495392
i6_index,1981-07-01,-28.1300609232419
i6_index,1981-10-01,-32.9528517024946
i6_index,1982-01-01,-26.8784840515152
i6_index,1982-04-01,-21.2635493746107
i6_index,1982-07-01,-34.2959477875434
i6_index,1982-10-01,-33.5469734941818
i6_index,1983-01-01,-28.5741426868076
i6_index,1983-04-01,-7.69493811777563
i6_index,1983-07-01,-13.3755401695479
i6_index,1983-10-01,-9.76567980138151
i6_index,1984-01-01,-0.690354046115187
i6_index,1984-04-01,-5.04173191385958
i6_index,1984-07-01,0.607932623815524
i6_index,1984-10-01,-3.75537045444379
i6_index,1985-01-01,0.309605063838315
i6_index,1985-04-01,-0.0292216618478456
i6_index,1985-07-01,0.435675944769429
i6_index,1985-10-01,4.01340487418266
i6_index,1986-01-01,13.9910531755572
i6_index,1986-04-01,8.73633980967679
i6_index,1986-07-01,2.51318225113787
i6_index,1986-10-01,3.70094885160134
i6_index,1987-01-01,1.67235282930644
i6_index,1987-04-01,0.0899483639073049
i6_index,1987-07-01,-1.82901391716575
i6_index,1987-10-01,-5.14283205767165
i6_index,1988-01-01,-8.26556374789558
i6_index,1988-04-01,-10.0381858878178
i6_index,1988-07-01,3.3909961684855
i6_index,1988-10-01,3.74220403982244
i6_index,1989-01-01,13.3530327134603
i6_index,1989-04-01,2.2781130408971
i6_index,1989-07-01,-6.60470404962885
i6_index,1989-10-01,3.59045738843318
i6_index,1990-01-01,-10.9860817366936
i6_index,1990-04-01,-11.1565809504462
i6_index,1990-07-01,-11.4324142752813
i6_index,1990-10-01,-48.1538386094766
i6_index,1991-01-01,-51.0480987020679
i6_index,1991-04-01,-24.9225372991312
i6_index,1991-07-01,-38.9591780391049
i6_index,1991-10-01,-44.97676178302
i6_index,1992-01-01,-51.4208178827032
i6_index,1992-04-01,-38.6992252574262
i6_index,1992-07-01,-43.479931174965
i6_index,1992-10-01,-48.613072358184
i6_index,1993-01-01,-46.4885375362808
i6_index,1993-04-01,-26.8809223010447
i6_index,1993-07-01,-30.2745501860167
i6_index,1993-10-01,-14.5987488243918
i6_index,1994-01-01,-5.09283292657509
i6_index,1994-04-01,5.66981974543795
i6_index,1994-07-01,1.76164386976944
i6_index,1994-10-01,-3.37866830100877
i6_index,1995-01-01,-16.162720663749
i6_index,1995-04-01,-7.31097409045741
i6_index,1995-07-01,-12.8362638087748
i6_index,1995-10-01,-13.91081499032
i6_index,1996-01-01,-26.466774642244
i6_index,1996-04-01,-30.3753589539823
i6_index,1996-07-01,-38.816350432739
i6_index,1996-10-01,-30.0016882664175
i6_index,1997-01-01,-23.7814006479858
i6_index,1997-04-01,-14.5735044804062
i6_index,1997-07-01,-2.2411865314764
i6_index,1997-10-01,0.7402886533089
i6_index,1998-01-01,0.618810344182528
i6_index,1998-04-01,6.26381471604814
i6_index,1998-07-01,11.4769523551792
i6_index,1998-10-01,0.702454320198238
i6_index,1999-01-01,2.21979801948514
i6_index,1999-04-01,-1.55845799406168
i6_index,1999-07-01,8.13581070597321
i6_index,1999-10-01,14.0975635848305
i6_index,2000-01-01,21.5263319084939
i6_index,2000-04-01,21.4496555425282
i6_index,2000-07-01,22.4008515641435
i6_index,2000-10-01,15.7537845551639
i6_index,2001-01-01,18.3919303079695
i6_index,2001-04-01,10.203357536187
i6_index,2001-07-01,5.44041568155951
i6_index,2001-10-01,-33.618710880569
i6_index,2002-01-01,0.11052886430225
i6_index,2002-04-01,1.44140070412661
i6_index,2002-07-01,-8.09632834072581
i6_index,2002-10-01,-20.9419311212533
i6_index,2003-01-01,-12.6240886971973
i6_index,2003-04-01,-17.6273012551965
i6_index,2003-07-01,-12.1115278161802
i6_index,2003-10-01,-7.857393960967
i6_index,2004-01-01,8.36209796517841
i6_index,2004-04-01,9.42158111648573
i6_index,2004-07-01,3.43702719730119
i6_index,2004-10-01,-5.34958483983119
i6_index,2005-01-01,1.41234519794327
i6_index,2005-04-01,-1.54446452729447
i6_index,2005-07-01,-10.4083919322092
i6_index,2005-10-01,-9.7144465835886
i6_index,2006-01-01,10.8013632667779
i6_index,2006-04-01,7.72790644632079
i6_index,2006-07-01,12.0738309414735
i6_index,2006-10-01,6.87849760518274
i6_index,2007-01-01,11.7268606133279
i6_index,2007-04-01,15.6494666068977
i6_index,2007-07-01,8.14786430299644
i6_index,2007-10-01,14.9086419103961
i6_index,2008-01-01,4.35286943558178
i6_index,2008-04-01,-0.0200836252031653
i6_index,2008-07-01,-17.0748647815908
i6_index,2008-10-01,-35.3441605024605
i6_index,2009-01-01,-37.7607703621321
i6_index,2009-04-01,-49.0426640523287
i6_index,2009-07-01,-39.3059741911725
i6_index,2009-10-01,-14.0480858250098
i6_index,2010-01-01,-7.00697059673085
i6_index,2010-04-01,14.4564789217878
i6_index,2010-07-01,15.8934653380651
i6_index,2010-10-01,7.03187365766826
i6_index,2011-01-01,9.83028296669227
i6_index,2011-04-01,-1.33135796579238
i6_index,2011-07-01,-17.0223484864298
i6_index,2011-10-01,-24.3624620771045
i6_index,2012-01-01,-19.3862625893633
i6_index,2012-04-01,-7.70752164631517
i6_index,2012-07-01,-17.3787603588107
i6_index,2012-10-01,-16.8193037821792
i6_index,2013-01-01,-5.95115029590934
i6_index,2013-04-01,-4.51121853570758
i6_index,2013-07-01,-8.61539713313478
i6_index,2013-10-01,-4.5691221922409
i6_index,2014-01-01,1.72344470380522
i6_index,2014-04-01,0.951854143450459
i6_index,2014-07-01,-0.608439974867369
i6_index,2014-10-01,-11.245885472613
i6_index,2015-01-01,-6.09074510481764
i6_index,2015-04-01,-5.82894669221646
i6_index,2015-07-01,-18.7926646800723
i6_index,2015-10-01,-17.5215836602801
i6_index,2016-01-01,-13.7568113803503
i6_index,2016-04-01,-14.6291489099975
i6_index,2016-07-01,-15.3769540154041
i6_index,2016-10-01,-13.3700883918617
i6_index,2017-01-01,-3.19898026635302
i6_index,2017-04-01,-7.79893868532556
i6_index,2017-07-01,-3.10633504630728
i6_index,2017-10-01,-2.28421111639121
i6_index,2018-01-01,4.98281829295467
i6_index,2018-04-01,1.89804244942391
i11_econ_hist,1972-10-01,0.245098039215686
i11_econ_hist,1973-01-01,-6.90476190476191
i11_econ_hist,1973-04-01,-4.93562231759657
i11_econ_hist,1973-07-01,-6.17283950617284
i11_econ_hist,1973-10-01,-24.4488977955912
i11_econ_hist,1974-01-01,-33.4622823984526
i11_econ_hist,1974-04-01,-60.4301075268817
i11_econ_hist,1974-07-01,-53.5483870967742
i11_econ_hist,1974-10-01,-70.0234192037471
i11_econ_hist,1975-01-01,-70.6263498920087
i11_econ_hist,1975-04-01,-101.932367149758
i11_econ_hist,1975-07-01,-84.2794759825327
i11_econ_hist,1975-10-01,-97.1374045801527
i11_econ_hist,1976-01-01,-98.8142292490119
i11_econ_hist,1976-04-01,-50.5154639175258
i11_econ_hist,1976-07-01,5.33333333333333
i11_econ_hist,1976-10-01,-1.32827324478178
i11_econ_hist,1977-01-01,-39.8
i11_econ_hist,1977-04-01,-1.9723865877712
i11_econ_hist,1977-07-01,23.1182795698925
i11_econ_hist,1977-10-01,23.9651416122004
i11_econ_hist,1978-01-01,13.1889763779528
i11_econ_hist,1978-04-01,11.965811965812
i11_econ_hist,1978-07-01,19.4029850746269
i11_econ_hist,1978-10-01,-23.9263803680982
i11_econ_hist,1979-01-01,-8.43621399176955
i11_econ_hist,1979-04-01,16.9197396963124
i11_econ_hist,1979-07-01,1.33630289532294
i11_econ_hist,1979-10-01,2.89256198347107
i11_econ_hist,1980-01-01,11.0077519379845
i11_econ_hist,1980-04-01,19.5548489666137
i11_econ_hist,1980-07-01,16.7464114832536
i11_econ_hist,1980-10-01,1.08527131782946
i11_econ_hist,1981-01-01,-3.5964035964036
i11_econ_hist,1981-04-01,-23.6816874400767
i11_econ_hist,1981-07-01,-22.1135029354207
i11_econ_hist,1981-10-01,-29.2112950340798
i11_econ_hist,1982-01-01,-41.1934552454283
i11_econ_hist,1982-04-01,-42.175572519084
i11_econ_hist,1982-07-01,-60.4406130268199
i11_econ_hist,1982-10-01,-70.5479452054795
i11_econ_hist,1983-01-01,-70.0862895493768
i11_econ_hist,1983-04-01,-46.6922339405561
i11_econ_hist,1983-07-01,-45.0850661625709
i11_econ_hist,1983-10-01,-30.3176130895091
i11_econ_hist,1984-01-01,-29.4339622641509
i11_econ_hist,1984-04-01,-25.717017208413
i11_econ_hist,1984-07-01,-12.5613346418057
i11_econ_hist,1984-10-01,-1.53256704980843
i11_econ_hist,1985-01-01,-0.39177277179236
i11_econ_hist,1985-04-01,4.54985479186835
i11_econ_hist,1985-07-01,8
i11_econ_hist,1985-10-01,15.6279961649089
i11_econ_hist,1986-01-01,24.7159090909091
i11_econ_hist,1986-04-01,30.9248554913295
i11_econ_hist,1986-07-01,24.633431085044
i11_econ_hist,1986-10-01,25.0968992248062
i11_econ_hist,1987-01-01,18.921568627451
i11_econ_hist,1987-04-01,9.25024342745862
i11_econ_hist,1987-07-01,14.1547861507128
i11_econ_hist,1987-10-01,7.1
i11_econ_hist,1988-01-01,-2.10631895687061
i11_econ_hist,1988-04-01,-9.68688845401174
i11_econ_hist,1988-07-01,11.3702623906706
i11_econ_hist,1988-10-01,21.4007782101167
i11_econ_hist,1989-01-01,38.0157170923379
i11_econ_hist,1989-04-01,27.2638753651412
i11_econ_hist,1989-07-01,11.9070667957406
i11_econ_hist,1989-10-01,27.2164948453608
i11_econ_hist,1990-01-01,-1.8018018018018
i11_econ_hist,1990-04-01,0
i11_econ_hist,1990-07-01,-6.89310689310689
i11_econ_hist,1990-10-01,-45.3488372093023
i11_econ_hist,1991-01-01,-50.0994035785288
i11_econ_hist,1991-04-01,-54.1704857928506
i11_econ_hist,1991-07-01,-69.5736434108527
i11_econ_hist,1991-10-01,-92.1860465116279
i11_econ_hist,1992-01-01,-105.750224618149
i11_econ_hist,1992-04-01,-100.93896713615
i11_econ_hist,1992-07-01,-106.114769520226
i11_econ_hist,1992-10-01,-114.741784037559
i11_econ_hist,1993-01-01,-102.327746741155
i11_econ_hist,1993-04-01,-103.305004721435
i11_econ_hist,1993-07-01,-99.2395437262358
i11_econ_hist,1993-10-01,-86.3977485928706
i11_econ_hist,1994-01-01,-64.9812734082397
i11_econ_hist,1994-04-01,-30.8571428571429
i11_econ_hist,1994-07-01,-15.9735349716446
i11_econ_hist,1994-10-01,-7.36842105263158
i11_econ_hist,1995-01-01,-16.4473684210526
i11_econ_hist,1995-04-01,-10.5360443622921
i11_econ_hist,1995-07-01,-27.887323943662
i11_econ_hist,1995-10-01,-29.7322253000923
i11_econ_hist,1996-01-01,-54.7933157431838
i11_econ_hist,1996-04-01,-76.778413736713
i11_econ_hist,1996-07-01,-85.7275254865616
i11_econ_hist,1996-10-01,-84.400826446281
i11_econ_hist,1997-01-01,-88.2836587872559
i11_econ_hist,1997-04-01,-74.9478079331942
i11_econ_hist,1997-07-01,-53.75
i11_econ_hist,1997-10-01,-20.4610951008646
i11_econ_hist,1998-01-01,-33.5849056603774
i11_econ_hist,1998-04-01,-6.50485436893204
i11_econ_hist,1998-07-01,16.2724692526017
i11_econ_hist,1998-10-01,4.42913385826772
i11_econ_hist,1999-01-01,3.19148936170213
i11_econ_hist,1999-04-01,-3.11890838206628
i11_econ_hist,1999-07-01,7.14285714285714
i11_econ_hist,1999-10-01,22.6248775710088
i11_econ_hist,2000-01-01,33.9901477832512
i11_econ_hist,2000-04-01,41.501976284585
i11_econ_hist,2000-07-01,54.5019157088123
i11_econ_hist,2000-10-01,51.7771373679155
i11_econ_hist,2001-01-01,48.3221476510067
i11_econ_hist,2001-04-01,38.1553398058252
i11_econ_hist,2001-07-01,24.2483026188167
i11_econ_hist,2001-10-01,-51.3145082765336
i11_econ_hist,2002-01-01,-49.5183044315992
i11_econ_hist,2002-04-01,-34.0776699029126
i11_econ_hist,2002-07-01,-47.8134110787172
i11_econ_hist,2002-10-01,-101.320754716981
i11_econ_hist,2003-01-01,-80.7400379506641
i11_econ_hist,2003-04-01,-98.6915887850467
i11_econ_hist,2003-07-01,-89.8320895522388
i11_econ_hist,2003-10-01,-63.5348837209302
i11_econ_hist,2004-01-01,-56.0521415270019
i11_econ_hist,2004-04-01,-26.2218045112782
i11_econ_hist,2004-07-01,-19.4986072423398
i11_econ_hist,2004-10-01,-30.9192200557103
i11_econ_hist,2005-01-01,-28.2003710575139
i11_econ_hist,2005-04-01,-24.0339302544769
i11_econ_hist,2005-07-01,-35.311004784689
i11_econ_hist,2005-10-01,-33.0516431924883
i11_econ_hist,2006-01-01,0
i11_econ_hist,2006-04-01,15.4658981748319
i11_econ_hist,2006-07-01,34.3183984747378
i11_econ_hist,2006-10-01,41.0628019323672
i11_econ_hist,2007-01-01,43.5653002859867
i11_econ_hist,2007-04-01,48.1086323957323
i11_econ_hist,2007-07-01,43.4905660377359
i11_econ_hist,2007-10-01,35.7142857142857
i11_econ_hist,2008-01-01,30.6742640075973
i11_econ_hist,2008-04-01,2.36294896030246
i11_econ_hist,2008-07-01,-25.094696969697
i11_econ_hist,2008-10-01,-57.4108818011257
i11_econ_hist,2009-01-01,-63.9850327408793
i11_econ_hist,2009-04-01,-96.3065558633426
i11_econ_hist,2009-07-01,-100.278293135436
i11_econ_hist,2009-10-01,-74.6965452847806
i11_econ_hist,2010-01-01,-58.2947173308619
i11_econ_hist,2010-04-01,-7.35849056603774
i11_econ_hist,2010-07-01,5.27289546716004
i11_econ_hist,2010-10-01,15.7261794634598
i11_econ_hist,2011-01-01,16.6508987701041
i11_econ_hist,2011-04-01,12.7917833800187
i11_econ_hist,2011-07-01,-5.09615384615385
i11_econ_hist,2011-10-01,-41.6267942583732
i11_econ_hist,2012-01-01,-47.1135940409684
i11_econ_hist,2012-04-01,-17.6619007569386
i11_econ_hist,2012-07-01,-24.1379310344828
i11_econ_hist,2012-10-01,-21.9808861859253
i11_econ_hist,2013-01-01,-9.73971452560873
i11_econ_hist,2013-04-01,-6.62373505059798
i11_econ_hist,2013-07-01,-9.2128801431127
i11_econ_hist,2013-10-01,2.72479564032698
i11_econ_hist,2014-01-01,11.8288590604027
i11_econ_hist,2014-04-01,5.45625587958608
i11_econ_hist,2014-07-01,6.92520775623269
i11_econ_hist,2014-10-01,-8.97994768962511
i11_econ_hist,2015-01-01,0.928505106778087
i11_econ_hist,2015-04-01,-21.9961240310078
i11_econ_hist,2015-07-01,-35.59670781893
i11_econ_hist,2015-10-01,-29.5627376425856
i11_econ_hist,2016-01-01,-34.6904156064461
i11_econ_hist,2016-04-01,-30.3505535055351
i11_econ_hist,2016-07-01,-27.4669379450661
i11_econ_hist,2016-10-01,-18.3556405353729
i11_econ_hist,2017-01-01,-8.69198312236287
i11_econ_hist,2017-04-01,-5.63514804202483
i11_econ_hist,2017-07-01,9.67184801381693
i11_econ_hist,2017-10-01,13.3517495395948
i11_econ_hist,2018-01-01,24.4368600682594
i11_econ_hist,2018-04-01,18.5341196293176
i12_econ_exp,1972-10-01,-8.50515463917526
i12_econ_exp,1973-01-01,-16.4556962025316
i12_econ_exp,1973-04-01,-19.1780821917808
i12_econ_exp,1973-07-01,-15.7622739018088
i12_econ_exp,1973-10-01,-37.2549019607843
i12_econ_exp,1974-01-01,-35.7588357588358
i12_econ_exp,1974-04-01,-54.3181818181818
i12_econ_exp,1974-07-01,-41.5137614678899
i12_econ_exp,1974-10-01,-64.9253731343284
i12_econ_exp,1975-01-01,-52.1739130434783
i12_econ_exp,1975-04-01,-38.9033942558747
i12_econ_exp,1975-07-01,-23.7556561085973
i12_econ_exp,1975-10-01,-41.7879417879418
i12_econ_exp,1976-01-01,-36.5702479338843
i12_econ_exp,1976-04-01,13.0434782608696
i12_econ_exp,1976-07-01,32.0843091334895
i12_econ_exp,1976-10-01,11.377245508982
i12_econ_exp,1977-01-01,-17.8571428571429
i12_econ_exp,1977-04-01,4.375
i12_econ_exp,1977-07-01,17.8637200736648
i12_econ_exp,1977-10-01,7.52941176470588
i12_econ_exp,1978-01-01,7.21868365180467
i12_econ_exp,1978-04-01,5.59440559440559
i12_econ_exp,1978-07-01,-4.04761904761905
i12_econ_exp,1978-10-01,-34.6578366445916
i12_econ_exp,1979-01-01,-14.9892933618844
i12_econ_exp,1979-04-01,7.17592592592593
i12_econ_exp,1979-07-01,-21.0653753026634
i12_econ_exp,1979-10-01,-28.2110091743119
i12_econ_exp,1980-01-01,-19.1780821917808
i12_econ_exp,1980-04-01,-13.3448873483536
i12_econ_exp,1980-07-01,-16.1178509532062
i12_econ_exp,1980-10-01,-30.4568527918782
i12_econ_exp,1981-01-01,-31.8085106382979
i12_econ_exp,1981-04-01,-36.890243902439
i12_econ_exp,1981-07-01,-42.1548117154812
i12_econ_exp,1981-10-01,-48.6828240252898
i12_econ_exp,1982-01-01,-43.7934458788481
i12_econ_exp,1982-04-01,-31.8885448916409
i12_econ_exp,1982-07-01,-49.6424923391216
i12_econ_exp,1982-10-01,-52.4340770791075
i12_econ_exp,1983-01-01,-44.955044955045
i12_econ_exp,1983-04-01,-4.84848484848485
i12_econ_exp,1983-07-01,-15.4382470119522
i12_econ_exp,1983-10-01,-9.96916752312436
i12_econ_exp,1984-01-01,3.5538005923001
i12_econ_exp,1984-04-01,-4.94450050454087
i12_econ_exp,1984-07-01,3.74609781477627
i12_econ_exp,1984-10-01,-1.77865612648221
i12_econ_exp,1985-01-01,3.21910695742471
i12_econ_exp,1985-04-01,5.58943089430894
i12_econ_exp,1985-07-01,5.19877675840979
i12_econ_exp,1985-10-01,6.94586312563841
i12_econ_exp,1986-01-01,18.0080482897384
i12_econ_exp,1986-04-01,15.6441717791411
i12_econ_exp,1986-07-01,7.6844262295082
i12_econ_exp,1986-10-01,4.96380558428128
i12_econ_exp,1987-01-01,0.842105263157895
i12_econ_exp,1987-04-01,-0.527426160337553
i12_econ_exp,1987-07-01,-6.33047210300429
i12_econ_exp,1987-10-01,-10.6223175965665
i12_econ_exp,1988-01-01,-18.2875264270613
i12_econ_exp,1988-04-01,-21.8619246861925
i12_econ_exp,1988-07-01,2.86006128702758
i12_econ_exp,1988-10-01,2.80082987551867
i12_econ_exp,1989-01-01,18.348623853211
i12_econ_exp,1989-04-01,3.27868852459016
i12_econ_exp,1989-07-01,-6.69412976313079
i12_econ_exp,1989-10-01,11.2938596491228
i12_econ_exp,1990-01-01,-12.7982646420824
i12_econ_exp,1990-04-01,-11.3561190738699
i12_econ_exp,1990-07-01,-15.4261057173679
i12_econ_exp,1990-10-01,-68.042328042328
i12_econ_exp,1991-01-01,-72.5263157894737
i12_econ_exp,1991-04-01,-31.866028708134
i12_econ_exp,1991-07-01,-56.0406091370559
i12_econ_exp,1991-10-01,-60.8652900688299
i12_econ_exp,1992-01-01,-71.3619402985075
i12_econ_exp,1992-04-01,-52.1564694082247
i12_econ_exp,1992-07-01,-55.9760956175299
i12_econ_exp,1992-10-01,-67.6413255360624
i12_econ_exp,1993-01-01,-61.7933723196881
i12_econ_exp,1993-04-01,-33.6693548387097
i12_econ_exp,1993-07-01,-38.109756097561
i12_econ_exp,1993-10-01,-10.8055009823183
i12_econ_exp,1994-01-01,7.58620689655172
i12_econ_exp,1994-04-01,27.4703557312253
i12_econ_exp,1994-07-01,21.6535433070866
i12_econ_exp,1994-10-01,16.6153846153846
i12_econ_exp,1995-01-01,2.85714285714286
i12_econ_exp,1995-04-01,3.98445092322643
i12_econ_exp,1995-07-01,-6.62650602409639
i12_econ_exp,1995-10-01,-10.8481262327416
i12_econ_exp,1996-01-01,-28.3609576427256
i12_econ_exp,1996-04-01,-38.8841927303466
i12_econ_exp,1996-07-01,-54.0747842761266
i12_econ_exp,1996-10-01,-39.2818280739935
i12_econ_exp,1997-01-01,-36.1497326203209
i12_econ_exp,1997-04-01,-16.6484118291347
i12_econ_exp,1997-07-01,0.548847420417124
i12_econ_exp,1997-10-01,11.0542476970317
i12_econ_exp,1998-01-01,2.34833659491194
i12_econ_exp,1998-04-01,17.7072671443193
i12_econ_exp,1998-07-01,29.3120638085743
i12_econ_exp,1998-10-01,3.40557275541796
i12_econ_exp,1999-01-01,6.26283367556468
i12_econ_exp,1999-04-01,2.70551508844953
i12_econ_exp,1999-07-01,15.3925619834711
i12_econ_exp,1999-10-01,29.6566077003122
i12_econ_exp,2000-01-01,37.3333333333333
i12_econ_exp,2000-04-01,39.3717277486911
i12_econ_exp,2000-07-01,44.5240532241556
i12_econ_exp,2000-10-01,31.321540062435
i12_econ_exp,2001-01-01,29.4589178356713
i12_econ_exp,2001-04-01,12.0618556701031
i12_econ_exp,2001-07-01,9.79978925184405
i12_econ_exp,2001-10-01,-59.9173553719008
i12_econ_exp,2002-01-01,-3.75634517766498
i12_econ_exp,2002-04-01,4.7569803516029
i12_econ_exp,2002-07-01,-12.2129436325679
i12_econ_exp,2002-10-01,-34.5
i12_econ_exp,2003-01-01,-22.8939544103072
i12_econ_exp,2003-04-01,-28.2696177062374
i12_econ_exp,2003-07-01,-16.2027833001988
i12_econ_exp,2003-10-01,-4.01567091087169
i12_econ_exp,2004-01-01,20.6106870229008
i12_econ_exp,2004-04-01,24.031007751938
i12_econ_exp,2004-07-01,15.0339476236663
i12_econ_exp,2004-10-01,-3.87596899224806
i12_econ_exp,2005-01-01,5.15267175572519
i12_econ_exp,2005-04-01,2.15264187866928
i12_econ_exp,2005-07-01,-12.4626121635095
i12_econ_exp,2005-10-01,-11.9140625
i12_econ_exp,2006-01-01,24.5245245245245
i12_econ_exp,2006-04-01,18.9620758483034
i12_econ_exp,2006-07-01,24.8995983935743
i12_econ_exp,2006-10-01,19.4672131147541
i12_econ_exp,2007-01-01,25.5744255744256
i12_econ_exp,2007-04-01,30.6748466257669
i12_econ_exp,2007-07-01,22.0372184133203
i12_econ_exp,2007-10-01,11.7878192534381
i12_econ_exp,2008-01-01,-9.19080919080919
i12_econ_exp,2008-04-01,-19.3484698914117
i12_econ_exp,2008-07-01,-45.0246305418719
i12_econ_exp,2008-10-01,-60.5058365758755
i12_econ_exp,2009-01-01,-57.3515092502434
i12_econ_exp,2009-04-01,-64.046021093001
i12_econ_exp,2009-07-01,-32.6295585412668
i12_econ_exp,2009-10-01,18.3381088825215
i12_econ_exp,2010-01-01,23.719165085389
i12_econ_exp,2010-04-01,43.9496611810261
i12_econ_exp,2010-07-01,33.1423113658071
i12_econ_exp,2010-10-01,18.8625592417062
i12_econ_exp,2011-01-01,15.0442477876106
i12_econ_exp,2011-04-01,14.1747572815534
i12_econ_exp,2011-07-01,-21.608040201005
i12_econ_exp,2011-10-01,-37.5502008032129
i12_econ_exp,2012-01-01,-29.3153326904532
i12_econ_exp,2012-04-01,-1.97764402407567
i12_econ_exp,2012-07-01,-19.5772058823529
i12_econ_exp,2012-10-01,-23.1375985977213
i12_econ_exp,2013-01-01,-0.255972696245734
i12_econ_exp,2013-04-01,3.30578512396694
i12_econ_exp,2013-07-01,-5.62103354487761
i12_econ_exp,2013-10-01,1.39275766016713
i12_econ_exp,2014-01-01,17.6470588235294
i12_econ_exp,2014-04-01,7.83018867924528
i12_econ_exp,2014-07-01,4.94402985074627
i12_econ_exp,2014-10-01,-13.5087719298246
i12_econ_exp,2015-01-01,-12.275731822474
i12_econ_exp,2015-04-01,-7.59368836291913
i12_econ_exp,2015-07-01,-24.7120418848168
i12_econ_exp,2015-10-01,-15.6310679611651
i12_econ_exp,2016-01-01,-15.6981786643539
i12_econ_exp,2016-04-01,-16.6975881261596
i12_econ_exp,2016-07-01,-19.0274841437632
i12_econ_exp,2016-10-01,-6.46425073457395
i12_econ_exp,2017-01-01,14.4075021312873
i12_econ_exp,2017-04-01,4.77099236641221
i12_econ_exp,2017-07-01,15.923009623797
i12_econ_exp,2017-10-01,14.2857142857143
i12_econ_exp,2018-01-01,31.7340644276902
i12_econ_exp,2018-04-01,14.2493638676845
i21_price_hist,1972-10-01,173.04347826087
i21_price_hist,1973-01-01,174.688796680498
i21_price_hist,1973-04-01,171.009174311927
i21_price_hist,1973-07-01,173.684210526316
i21_price_hist,1973-10-01,174.87091222031
i21_price_hist,1974-01-01,184.801381692573
i21_price_hist,1974-04-01,182.574257425743
i21_price_hist,1974-07-01,181.081081081081
i21_price_hist,1974-10-01,174.145299145299
i21_price_hist,1975-01-01,169.731800766284
i21_price_hist,1975-04-01,128.854625550661
i21_price_hist,1975-07-01,100.835073068894
i21_price_hist,1975-10-01,83.005366726297
i21_price_hist,1976-01-01,60.9174311926606
i21_price_hist,1976-04-01,66.1538461538462
i21_price_hist,1976-07-01,70.0413223140496
i21_price_hist,1976-10-01,61.4695340501792
i21_price_hist,1977-01-01,57.3283858998145
i21_price_hist,1977-04-01,67.2661870503597
i21_price_hist,1977-07-01,76.5723270440252
i21_price_hist,1977-10-01,75.4980079681275
i21_price_hist,1978-01-01,63.8447971781305
i21_price_hist,1978-04-01,58.6345381526104
i21_price_hist,1978-07-01,51.9114688128773
i21_price_hist,1978-10-01,43.7858508604207
i21_price_hist,1979-01-01,52.3809523809524
i21_price_hist,1979-04-01,76.2677484787018
i21_price_hist,1979-07-01,89.4308943089431
i21_price_hist,1979-10-01,93.1558935361217
i21_price_hist,1980-01-01,104.775687409551
i21_price_hist,1980-04-01,106.295754026354
i21_price_hist,1980-07-01,108.600583090379
i21_price_hist,1980-10-01,109.985315712188
i21_price_hist,1981-01-01,134.762348555452
i21_price_hist,1981-04-01,153.730017761989
i21_price_hist,1981-07-01,158.926919518964
i21_price_hist,1981-10-01,165.909090909091
i21_price_hist,1982-01-01,154.56204379562
i21_price_hist,1982-04-01,146.503178928247
i21_price_hist,1982-07-01,147.58064516129
i21_price_hist,1982-10-01,133.547794117647
i21_price_hist,1983-01-01,119.654231119199
i21_price_hist,1983-04-01,112.545454545455
i21_price_hist,1983-07-01,115.356489945155
i21_price_hist,1983-10-01,102.010968921389
i21_price_hist,1984-01-01,101.568265682657
i21_price_hist,1984-04-01,119.401631912965
i21_price_hist,1984-07-01,114.403669724771
i21_price_hist,1984-10-01,115.784753363229
i21_price_hist,1985-01-01,115.063520871143
i21_price_hist,1985-04-01,133.394327538884
i21_price_hist,1985-07-01,122.48413417951
i21_price_hist,1985-10-01,107.805325987144
i21_price_hist,1986-01-01,110.473588342441
i21_price_hist,1986-04-01,99.0800367985281
i21_price_hist,1986-07-01,94.2592592592593
i21_price_hist,1986-10-01,88.0474452554745
i21_price_hist,1987-01-01,71.7996289424861
i21_price_hist,1987-04-01,72.493100275989
i21_price_hist,1987-07-01,84.1328413284133
i21_price_hist,1987-10-01,90.7441016333938
i21_price_hist,1988-01-01,87.6279069767442
i21_price_hist,1988-04-01,98.1378026070764
i21_price_hist,1988-07-01,97.9128856624319
i21_price_hist,1988-10-01,93.8756855575868
i21_price_hist,1989-01-01,99.169741697417
i21_price_hist,1989-04-01,114.181818181818
i21_price_hist,1989-07-01,128.41726618705
i21_price_hist,1989-10-01,123.584905660377
i21_price_hist,1990-01-01,157.957681692732
i21_price_hist,1990-04-01,156.953642384106
i21_price_hist,1990-07-01,149.6336996337
i21_price_hist,1990-10-01,160.180995475113
i21_price_hist,1991-01-01,158.964879852126
i21_price_hist,1991-04-01,152.427184466019
i21_price_hist,1991-07-01,155.677655677656
i21_price_hist,1991-10-01,154.512957998213
i21_price_hist,1992-01-01,150.38961038961
i21_price_hist,1992-04-01,138.579136690648
i21_price_hist,1992-07-01,134.309240622141
i21_price_hist,1992-10-01,103.483043079743
i21_price_hist,1993-01-01,103.901996370236
i21_price_hist,1993-04-01,99.4515539305302
i21_price_hist,1993-07-01,91.6897506925208
i21_price_hist,1993-10-01,69.8630136986301
i21_price_hist,1994-01-01,75.2767527675277
i21_price_hist,1994-04-01,58.7155963302752
i21_price_hist,1994-07-01,64.1192917054986
i21_price_hist,1994-10-01,70.9497206703911
i21_price_hist,1995-01-01,67.5090252707581
i21_price_hist,1995-04-01,98.9304812834225
i21_price_hist,1995-07-01,89.4545454545455
i21_price_hist,1995-10-01,84.6425419240953
i21_price_hist,1996-01-01,68.3009298393914
i21_price_hist,1996-04-01,65.7392686804452
i21_price_hist,1996-07-01,50.8166969147005
i21_price_hist,1996-10-01,41.4432989690722
i21_price_hist,1997-01-01,28.659793814433
i21_price_hist,1997-04-01,32.7141382868937
i21_price_hist,1997-07-01,27.2727272727273
i21_price_hist,1997-10-01,36.4583333333333
i21_price_hist,1998-01-01,25.5576208178439
i21_price_hist,1998-04-01,24.1965973534972
i21_price_hist,1998-07-01,30.4143126177025
i21_price_hist,1998-10-01,28.952380952381
i21_price_hist,1999-01-01,33.489242282507
i21_price_hist,1999-04-01,43.0841121495327
i21_price_hist,1999-07-01,37.2881355932203
i21_price_hist,1999-10-01,41.5962441314554
i21_price_hist,2000-01-01,57.4266792809839
i21_price_hist,2000-04-01,58.2386363636364
i21_price_hist,2000-07-01,78.4715750232992
i21_price_hist,2000-10-01,79.5112781954887
i21_price_hist,2001-01-01,77.3496240601504
i21_price_hist,2001-04-01,73.1021555763824
i21_price_hist,2001-07-01,86.9850187265918
i21_price_hist,2001-10-01,58.1920903954802
i21_price_hist,2002-01-01,70.6766917293233
i21_price_hist,2002-04-01,79.7574626865672
i21_price_hist,2002-07-01,78.578110383536
i21_price_hist,2002-10-01,69.6660482374768
i21_price_hist,2003-01-01,60.3159851301115
i21_price_hist,2003-04-01,57.5329566854991
i21_price_hist,2003-07-01,54.382657869934
i21_price_hist,2003-10-01,75.3527751646284
i21_price_hist,2004-01-01,76.69452181987
i21_price_hist,2004-04-01,62.8359592215014
i21_price_hist,2004-07-01,79.7585886722377
i21_price_hist,2004-10-01,76.7889908256881
i21_price_hist,2005-01-01,62.5925925925926
i21_price_hist,2005-04-01,51.1049723756906
i21_price_hist,2005-07-01,59.6654275092937
i21_price_hist,2005-10-01,62.3255813953488
i21_price_hist,2006-01-01,51.8038852913969
i21_price_hist,2006-04-01,51.6339869281046
i21_price_hist,2006-07-01,62.5468164794008
i21_price_hist,2006-10-01,58.4888059701493
i21_price_hist,2007-01-01,51.8105849582173
i21_price_hist,2007-04-01,50.8379888268156
i21_price_hist,2007-07-01,62.956204379562
i21_price_hist,2007-10-01,76.2167125803489
i21_price_hist,2008-01-01,91.9444444444444
i21_price_hist,2008-04-01,96.0295475530933
i21_price_hist,2008-07-01,118.78453038674
i21_price_hist,2008-10-01,110.147601476015
i21_price_hist,2009-01-01,35.1123595505618
i21_price_hist,2009-04-01,29.9813780260708
i21_price_hist,2009-07-01,39.1627906976744
i21_price_hist,2009-10-01,27.5322283609576
i21_price_hist,2010-01-01,32.8716528162512
i21_price_hist,2010-04-01,54.3661971830986
i21_price_hist,2010-07-01,37.9278445883441
i21_price_hist,2010-10-01,49.0774907749078
i21_price_hist,2011-01-01,34.3836886005561
i21_price_hist,2011-04-01,64.1735918744229
i21_price_hist,2011-07-01,40.4452690166976
i21_price_hist,2011-10-01,-6.36108512628625
i21_price_hist,2012-01-01,9.88909426987061
i21_price_hist,2012-04-01,31.6402997502082
i21_price_hist,2012-07-01,21.6216216216216
i21_price_hist,2012-10-01,32.152117545376
i21_price_hist,2013-01-01,24.6437552388935
i21_price_hist,2013-04-01,32.486388384755
i21_price_hist,2013-07-01,44.02460456942
i21_price_hist,2013-10-01,43.2432432432432
i21_price_hist,2014-01-01,45.6039441248973
i21_price_hist,2014-04-01,44.7513812154696
i21_price_hist,2014-07-01,44.5562671546203
i21_price_hist,2014-10-01,44.6167097329888
i21_price_hist,2015-01-01,32.0772058823529
i21_price_hist,2015-04-01,-2.78846153846154
i21_price_hist,2015-07-01,-5.05050505050505
i21_price_hist,2015-10-01,11.0798122065728
i21_price_hist,2016-01-01,-3.61648444070648
i21_price_hist,2016-04-01,7
i21_price_hist,2016-07-01,16.78391959799
i21_price_hist,2016-10-01,33.745247148289
i21_price_hist,2017-01-01,33.4724540901503
i21_price_hist,2017-04-01,35.1123595505618
i21_price_hist,2017-07-01,40.4291845493562
i21_price_hist,2017-10-01,47.632058287796
i21_price_hist,2018-01-01,45.4175152749491
i21_price_hist,2018-04-01,46.4046822742475
i22_price_exp,1972-10-01,155.280898876405
i22_price_exp,1973-01-01,122.297297297297
i22_price_exp,1973-04-01,130.232558139535
i22_price_exp,1973-07-01,121.445221445221
i22_price_exp,1973-10-01,150.990990990991
i22_price_exp,1974-01-01,142.413162705667
i22_price_exp,1974-04-01,142.622950819672
i22_price_exp,1974-07-01,138.877338877339
i22_price_exp,1974-10-01,135.779816513762
i22_price_exp,1975-01-01,108.865979381443
i22_price_exp,1975-04-01,51.0948905109489
i22_price_exp,1975-07-01,44.273127753304
i22_price_exp,1975-10-01,33.921568627451
i22_price_exp,1976-01-01,20.9486166007905
i22_price_exp,1976-04-01,40.956340956341
i22_price_exp,1976-07-01,64.2701525054466
i22_price_exp,1976-10-01,53.5372848948375
i22_price_exp,1977-01-01,52.8942115768463
i22_price_exp,1977-04-01,62.8352490421456
i22_price_exp,1977-07-01,67.7700348432056
i22_price_exp,1977-10-01,68.5714285714286
i22_price_exp,1978-01-01,55.9055118110236
i22_price_exp,1978-04-01,60.0436681222708
i22_price_exp,1978-07-01,46.5437788018433
i22_price_exp,1978-10-01,56.2367864693446
i22_price_exp,1979-01-01,65.1063829787234
i22_price_exp,1979-04-01,78.6813186813187
i22_price_exp,1979-07-01,85.1769911504425
i22_price_exp,1979-10-01,91.2133891213389
i22_price_exp,1980-01-01,92.0436817472699
i22_price_exp,1980-04-01,94.3127962085308
i22_price_exp,1980-07-01,90.0943396226415
i22_price_exp,1980-10-01,101.240310077519
i22_price_exp,1981-01-01,108.625877632899
i22_price_exp,1981-04-01,110.34155597723
i22_price_exp,1981-07-01,126.7258382643
i22_price_exp,1981-10-01,111.493123772102
i22_price_exp,1982-01-01,91.9573643410853
i22_price_exp,1982-04-01,86.6731517509728
i22_price_exp,1982-07-01,108.261287223823
i22_price_exp,1982-10-01,92.27761485826
i22_price_exp,1983-01-01,67.7012609117362
i22_price_exp,1983-04-01,71.0019267822736
i22_price_exp,1983-07-01,101.535508637236
i22_price_exp,1983-10-01,85.7699805068226
i22_price_exp,1984-01-01,86.4161849710983
i22_price_exp,1984-04-01,89.7607655502392
i22_price_exp,1984-07-01,91.1650485436893
i22_price_exp,1984-10-01,93.9252336448598
i22_price_exp,1985-01-01,96.2172647914646
i22_price_exp,1985-04-01,100.671785028791
i22_price_exp,1985-07-01,92.7884615384616
i22_price_exp,1985-10-01,89.1891891891892
i22_price_exp,1986-01-01,93.3781190019194
i22_price_exp,1986-04-01,89.7683397683398
i22_price_exp,1986-07-01,87.0622568093385
i22_price_exp,1986-10-01,77.179236043095
i22_price_exp,1987-01-01,70.2274975272008
i22_price_exp,1987-04-01,65.034965034965
i22_price_exp,1987-07-01,82.1917808219178
i22_price_exp,1987-10-01,85.8800773694391
i22_price_exp,1988-01-01,86.62109375
i22_price_exp,1988-04-01,85.3585657370518
i22_price_exp,1988-07-01,85.6468366383381
i22_price_exp,1988-10-01,86.3372093023256
i22_price_exp,1989-01-01,100.669216061185
i22_price_exp,1989-04-01,103.798670465337
i22_price_exp,1989-07-01,102.949571836346
i22_price_exp,1989-10-01,110.049261083744
i22_price_exp,1990-01-01,135.311284046693
i22_price_exp,1990-04-01,110.070493454179
i22_price_exp,1990-07-01,101.750972762646
i22_price_exp,1990-10-01,132.60663507109
i22_price_exp,1991-01-01,125.146771037182
i22_price_exp,1991-04-01,92.9292929292929
i22_price_exp,1991-07-01,104.410354745925
i22_price_exp,1991-10-01,111.340206185567
i22_price_exp,1992-01-01,103.70705244123
i22_price_exp,1992-04-01,85.9598853868195
i22_price_exp,1992-07-01,97.6585365853659
i22_price_exp,1992-10-01,74.4186046511628
i22_price_exp,1993-01-01,75.0237416904084
i22_price_exp,1993-04-01,55.1891367604268
i22_price_exp,1993-07-01,57.3267326732673
i22_price_exp,1993-10-01,43.6416184971098
i22_price_exp,1994-01-01,51.2124151309408
i22_price_exp,1994-04-01,47.3581213307241
i22_price_exp,1994-07-01,62.1124031007752
i22_price_exp,1994-10-01,97.2083748753739
i22_price_exp,1995-01-01,123.281393217232
i22_price_exp,1995-04-01,62.9489603024575
i22_price_exp,1995-07-01,56.9200779727096
i22_price_exp,1995-10-01,55.4924242424243
i22_price_exp,1996-01-01,49.1039426523298
i22_price_exp,1996-04-01,41.0640066500416
i22_price_exp,1996-07-01,37.1807000946074
i22_price_exp,1996-10-01,32.4618736383442
i22_price_exp,1997-01-01,18.1623931623932
i22_price_exp,1997-04-01,18.5761957730812
i22_price_exp,1997-07-01,22.81284606866
i22_price_exp,1997-10-01,36.3728470111449
i22_price_exp,1998-01-01,26.3002944062807
i22_price_exp,1998-04-01,30.879345603272
i22_price_exp,1998-07-01,31.9526627218935
i22_price_exp,1998-10-01,37.8680203045685
i22_price_exp,1999-01-01,40.8224674022066
i22_price_exp,1999-04-01,40.4715127701375
i22_price_exp,1999-07-01,38.927507447865
i22_price_exp,1999-10-01,50.3503503503504
i22_price_exp,2000-01-01,58.5221674876847
i22_price_exp,2000-04-01,54.5824847250509
i22_price_exp,2000-07-01,68.1908548707754
i22_price_exp,2000-10-01,76.1149653121903
i22_price_exp,2001-01-01,70.657507360157
i22_price_exp,2001-04-01,68.1231380337637
i22_price_exp,2001-07-01,73.4126984126984
i22_price_exp,2001-10-01,67.6557863501484
i22_price_exp,2002-01-01,56.9849246231156
i22_price_exp,2002-04-01,61.1881188118812
i22_price_exp,2002-07-01,66.5029469548134
i22_price_exp,2002-10-01,58.6705202312139
i22_price_exp,2003-01-01,50.7204610951009
i22_price_exp,2003-04-01,49.4559841740851
i22_price_exp,2003-07-01,38.8943731490622
i22_price_exp,2003-10-01,66.6342412451362
i22_price_exp,2004-01-01,57.8796561604585
i22_price_exp,2004-04-01,49.2277992277992
i22_price_exp,2004-07-01,60.1932367149759
i22_price_exp,2004-10-01,68.4160305343512
i22_price_exp,2005-01-01,42.4670433145009
i22_price_exp,2005-04-01,30.2504816955684
i22_price_exp,2005-07-01,47.8942213516161
i22_price_exp,2005-10-01,51.0516252390057
i22_price_exp,2006-01-01,40.2697495183044
i22_price_exp,2006-04-01,44.1994247363375
i22_price_exp,2006-07-01,51.028403525955
i22_price_exp,2006-10-01,54.9655850540806
i22_price_exp,2007-01-01,41.1992263056093
i22_price_exp,2007-04-01,42.6484907497566
i22_price_exp,2007-07-01,58.1261950286807
i22_price_exp,2007-10-01,84.0113528855251
i22_price_exp,2008-01-01,84.9236641221374
i22_price_exp,2008-04-01,79.6208530805687
i22_price_exp,2008-07-01,100.944287063267
i22_price_exp,2008-10-01,75.2120640904807
i22_price_exp,2009-01-01,-6.96324951644101
i22_price_exp,2009-04-01,7.08133971291866
i22_price_exp,2009-07-01,26.2135922330097
i22_price_exp,2009-10-01,40.537944284342
i22_price_exp,2010-01-01,36.8821292775665
i22_price_exp,2010-04-01,52.0192307692308
i22_price_exp,2010-07-01,35.0525310410697
i22_price_exp,2010-10-01,51.2241054613936
i22_price_exp,2011-01-01,40.1157184185149
i22_price_exp,2011-04-01,69.3192713326942
i22_price_exp,2011-07-01,37.6344086021505
i22_price_exp,2011-10-01,10.8610567514677
i22_price_exp,2012-01-01,25.0478011472275
i22_price_exp,2012-04-01,33.5628227194492
i22_price_exp,2012-07-01,31.9559228650138
i22_price_exp,2012-10-01,38.8742304309587
i22_price_exp,2013-01-01,35.7446808510638
i22_price_exp,2013-04-01,34.1575091575092
i22_price_exp,2013-07-01,53.2432432432433
i22_price_exp,2013-10-01,54.2279411764706
i22_price_exp,2014-01-01,52.7777777777778
i22_price_exp,2014-04-01,49.2957746478873
i22_price_exp,2014-07-01,54.8476454293629
i22_price_exp,2014-10-01,53.2923617208077
i22_price_exp,2015-01-01,29.367327667611
i22_price_exp,2015-04-01,5.8648111332008
i22_price_exp,2015-07-01,17.8238341968912
i22_price_exp,2015-10-01,35.755258126195
i22_price_exp,2016-01-01,16.0621761658031
i22_price_exp,2016-04-01,22.4358974358974
i22_price_exp,2016-07-01,31.6062176165803
i22_price_exp,2016-10-01,44.2105263157895
i22_price_exp,2017-01-01,41.6808149405773
i22_price_exp,2017-04-01,38.3018867924528
i22_price_exp,2017-07-01,44.5783132530121
i22_price_exp,2017-10-01,56.353591160221
i22_price_exp,2018-01-01,43.8572409059712
i22_price_exp,2018-04-01,52.9857022708158
i31_job_secure,1972-10-01,-4.40097799511002
i31_job_secure,1973-01-01,14.3920595533499
i31_job_secure,1973-04-01,-6.68103448275862
i31_job_secure,1973-07-01,-3.33333333333333
i31_job_secure,1973-10-01,5.6
i31_job_secure,1974-01-01,-30.6122448979592
i31_job_secure,1974-04-01,-24.1935483870968
i31_job_secure,1974-07-01,-33.7078651685393
i31_job_secure,1974-10-01,-68.75
i31_job_secure,1975-01-01,-93.3333333333333
i31_job_secure,1975-04-01,-93.9110070257611
i31_job_secure,1975-07-01,-86.6071428571429
i31_job_secure,1975-10-01,-94.3579766536965
i31_job_secure,1976-01-01,-107.171314741036
i31_job_secure,1976-04-01,-49.1596638655462
i31_job_secure,1976-07-01,-13.4529147982063
i31_job_secure,1976-10-01,-25.3875968992248
i31_job_secure,1977-01-01,-69.140625
i31_job_secure,1977-04-01,-24.0704500978474
i31_job_secure,1977-07-01,13.1756756756757
i31_job_secure,1977-10-01,16.6301969365427
i31_job_secure,1978-01-01,2.12355212355212
i31_job_secure,1978-04-01,-5.61555075593953
i31_job_secure,1978-07-01,9.73451327433628
i31_job_secure,1978-10-01,-75.103734439834
i31_job_secure,1979-01-01,-56.9915254237288
i31_job_secure,1979-04-01,-10.0642398286938
i31_job_secure,1979-07-01,4.55580865603645
i31_job_secure,1979-10-01,10.062893081761
i31_job_secure,1980-01-01,24.5669291338583
i31_job_secure,1980-04-01,30.5863708399366
i31_job_secure,1980-07-01,40.6003159557662
i31_job_secure,1980-10-01,10.459587955626
i31_job_secure,1981-01-01,2.98661174047374
i31_job_secure,1981-04-01,3.73647984267453
i31_job_secure,1981-07-01,2.71084337349398
i31_job_secure,1981-10-01,-16.1923454367026
i31_job_secure,1982-01-01,-69.6078431372549
i31_job_secure,1982-04-01,-78.4466019417476
i31_job_secure,1982-07-01,-88.2857142857143
i31_job_secure,1982-10-01,-117.568850902184
i31_job_secure,1983-01-01,-119.981238273921
i31_job_secure,1983-04-01,-79.7115384615385
i31_job_secure,1983-07-01,-70.7547169811321
i31_job_secure,1983-10-01,-77.6190476190476
i31_job_secure,1984-01-01,-81.5442561205273
i31_job_secure,1984-04-01,-73.8229755178908
i31_job_secure,1984-07-01,-60.9404990403071
i31_job_secure,1984-10-01,-38.8003748828491
i31_job_secure,1985-01-01,-49.4186046511628
i31_job_secure,1985-04-01,-31.8756073858115
i31_job_secure,1985-07-01,-18.2516810758886
i31_job_secure,1985-10-01,1.75609756097561
i31_job_secure,1986-01-01,1.05162523900574
i31_job_secure,1986-04-01,22.0502901353965
i31_job_secure,1986-07-01,16.9774288518155
i31_job_secure,1986-10-01,13.307240704501
i31_job_secure,1987-01-01,1
i31_job_secure,1987-04-01,-9.14512922465209
i31_job_secure,1987-07-01,9.77295162882527
i31_job_secure,1987-10-01,-5.17578125
i31_job_secure,1988-01-01,-33.3001988071571
i31_job_secure,1988-04-01,-61.1434108527132
i31_job_secure,1988-07-01,-40.1709401709402
i31_job_secure,1988-10-01,-12.1880998080614
i31_job_secure,1989-01-01,26.280193236715
i31_job_secure,1989-04-01,34.4529750479846
i31_job_secure,1989-07-01,38.4467881112176
i31_job_secure,1989-10-01,40.7185628742515
i31_job_secure,1990-01-01,27.7157360406091
i31_job_secure,1990-04-01,29.2857142857143
i31_job_secure,1990-07-01,25.8741258741259
i31_job_secure,1990-10-01,-10.8134920634921
i31_job_secure,1991-01-01,-49.6031746031746
i31_job_secure,1991-04-01,-64.3699002719855
i31_job_secure,1991-07-01,-92.4618320610687
i31_job_secure,1991-10-01,-112.511499540018
i31_job_secure,1992-01-01,-133.978873239437
i31_job_secure,1992-04-01,-130
i31_job_secure,1992-07-01,-135.608856088561
i31_job_secure,1992-10-01,-149.490268767377
i31_job_secure,1993-01-01,-138.653136531365
i31_job_secure,1993-04-01,-147.086031452359
i31_job_secure,1993-07-01,-146.790697674419
i31_job_secure,1993-10-01,-139.689781021898
i31_job_secure,1994-01-01,-126.691380908248
i31_job_secure,1994-04-01,-93.5089369708373
i31_job_secure,1994-07-01,-78.4295175023652
i31_job_secure,1994-10-01,-58.8347659980898
i31_job_secure,1995-01-01,-54.046511627907
i31_job_secure,1995-04-01,-69.7440585009141
i31_job_secure,1995-07-01,-80.3308823529412
i31_job_secure,1995-10-01,-87.5448028673835
i31_job_secure,1996-01-01,-96.8185726569218
i31_job_secure,1996-04-01,-129.003984063745
i31_job_secure,1996-07-01,-136.651583710407
i31_job_secure,1996-10-01,-144.855967078189
i31_job_secure,1997-01-01,-143.380855397149
i31_job_secure,1997-04-01,-134.098018769552
i31_job_secure,1997-07-01,-96.1578400830737
i31_job_secure,1997-10-01,-90.6309751434035
i31_job_secure,1998-01-01,-122.001888574127
i31_job_secure,1998-04-01,-101.619047619048
i31_job_secure,1998-07-01,-70.4995287464656
i31_job_secure,1998-10-01,-61.7507136060894
i31_job_secure,1999-01-01,-62.2222222222222
i31_job_secure,1999-04-01,-66.6349809885932
i31_job_secure,1999-07-01,-55.1691729323308
i31_job_secure,1999-10-01,-36.0116166505324
i31_job_secure,2000-01-01,-36.6507177033493
i31_job_secure,2000-04-01,-31.1953352769679
i31_job_secure,2000-07-01,5
i31_job_secure,2000-10-01,15.6824782187803
i31_job_secure,2001-01-01,19.6498054474708
i31_job_secure,2001-04-01,1.15163147792706
i31_job_secure,2001-07-01,-2.46679316888046
i31_job_secure,2001-10-01,-70.509125840538
i31_job_secure,2002-01-01,-76.4478764478765
i31_job_secure,2002-04-01,-64.5533141210375
i31_job_secure,2002-07-01,-74.8054474708171
i31_job_secure,2002-10-01,-111.588785046729
i31_job_secure,2003-01-01,-113.671128107075
i31_job_secure,2003-04-01,-118.130841121495
i31_job_secure,2003-07-01,-124.033930254477
i31_job_secure,2003-10-01,-118.738229755179
i31_job_secure,2004-01-01,-109.981167608286
i31_job_secure,2004-04-01,-97.1883786316776
i31_job_secure,2004-07-01,-90.9430438842204
i31_job_secure,2004-10-01,-97.0727101038716
i31_job_secure,2005-01-01,-100.185013876041
i31_job_secure,2005-04-01,-100.46685340803
i31_job_secure,2005-07-01,-104.882629107981
i31_job_secure,2005-10-01,-100.465549348231
i31_job_secure,2006-01-01,-88.0037488284911
i31_job_secure,2006-04-01,-71.5630885122411
i31_job_secure,2006-07-01,-47.0701248799232
i31_job_secure,2006-10-01,-45.0757575757576
i31_job_secure,2007-01-01,-38.9585342333655
i31_job_secure,2007-04-01,-27.0813397129187
i31_job_secure,2007-07-01,-29.8076923076923
i31_job_secure,2007-10-01,-13.776493256262
i31_job_secure,2008-01-01,-15.0239234449761
i31_job_secure,2008-04-01,-27.3603082851638
i31_job_secure,2008-07-01,-21.0166177908113
i31_job_secure,2008-10-01,-60.8365019011407
i31_job_secure,2009-01-01,-99.1436726926737
i31_job_secure,2009-04-01,-126.568265682657
i31_job_secure,2009-07-01,-125.141776937618
i31_job_secure,2009-10-01,-118.130841121495
i31_job_secure,2010-01-01,-106.985645933014
i31_job_secure,2010-04-01,-71.6073147256978
i31_job_secure,2010-07-01,-54.7240411599626
i31_job_secure,2010-10-01,-52.4651162790698
i31_job_secure,2011-01-01,-44.8108632395732
i31_job_secure,2011-04-01,-22.8103946102021
i31_job_secure,2011-07-01,-53.7644787644788
i31_job_secure,2011-10-01,-72.1021611001965
i31_job_secure,2012-01-01,-78.0510879848628
i31_job_secure,2012-04-01,-64.1135972461274
i31_job_secure,2012-07-01,-72.073732718894
i31_job_secure,2012-10-01,-70.6397896581946
i31_job_secure,2013-01-01,-74.1246797608881
i31_job_secure,2013-04-01,-65.1892890120037
i31_job_secure,2013-07-01,-68.566340160285
i31_job_secure,2013-10-01,-53.8108356290175
i31_job_secure,2014-01-01,-57.0101351351351
i31_job_secure,2014-04-01,-46.7680608365019
i31_job_secure,2014-07-01,-48.7918215613383
i31_job_secure,2014-10-01,-56.5179352580927
i31_job_secure,2015-01-01,-54.2056074766355
i31_job_secure,2015-04-01,-70.4612365063788
i31_job_secure,2015-07-01,-76.2939958592133
i31_job_secure,2015-10-01,-84.8137535816619
i31_job_secure,2016-01-01,-82.4440619621343
i31_job_secure,2016-04-01,-86.3263445761167
i31_job_secure,2016-07-01,-76.2150982419855
i31_job_secure,2016-10-01,-80.0575263662512
i31_job_secure,2017-01-01,-65.8347676419966
i31_job_secure,2017-04-01,-62.7394636015326
i31_job_secure,2017-07-01,-61.6740088105727
i31_job_secure,2017-10-01,-58.6915887850467
i31_job_secure,2018-01-01,-48.8292011019284
i31_job_secure,2018-04-01,-46.3519313304721
i32_unemp_exp,1972-10-01,
i32_unemp_exp,1973-01-01,
i32_unemp_exp,1973-04-01,
i32_unemp_exp,1973-07-01,
i32_unemp_exp,1973-10-01,
i32_unemp_exp,1974-01-01,
i32_unemp_exp,1974-04-01,
i32_unemp_exp,1974-07-01,
i32_unemp_exp,1974-10-01,
i32_unemp_exp,1975-01-01,
i32_unemp_exp,1975-04-01,
i32_unemp_exp,1975-07-01,
i32_unemp_exp,1975-10-01,
i32_unemp_exp,1976-01-01,
i32_unemp_exp,1976-04-01,
i32_unemp_exp,1976-07-01,
i32_unemp_exp,1976-10-01,
i32_unemp_exp,1977-01-01,
i32_unemp_exp,1977-04-01,
i32_unemp_exp,1977-07-01,
i32_unemp_exp,1977-10-01,
i32_unemp_exp,1978-01-01,
i32_unemp_exp,1978-04-01,
i32_unemp_exp,1978-07-01,
i32_unemp_exp,1978-10-01,
i32_unemp_exp,1979-01-01,
i32_unemp_exp,1979-04-01,
i32_unemp_exp,1979-07-01,
i32_unemp_exp,1979-10-01,
i32_unemp_exp,1980-01-01,
i32_unemp_exp,1980-04-01,
i32_unemp_exp,1980-07-01,
i32_unemp_exp,1980-10-01,
i32_unemp_exp,1981-01-01,
i32_unemp_exp,1981-04-01,
i32_unemp_exp,1981-07-01,
i32_unemp_exp,1981-10-01,
i32_unemp_exp,1982-01-01,
i32_unemp_exp,1982-04-01,
i32_unemp_exp,1982-07-01,
i32_unemp_exp,1982-10-01,
i32_unemp_exp,1983-01-01,
i32_unemp_exp,1983-04-01,
i32_unemp_exp,1983-07-01,
i32_unemp_exp,1983-10-01,
i32_unemp_exp,1984-01-01,
i32_unemp_exp,1984-04-01,
i32_unemp_exp,1984-07-01,
i32_unemp_exp,1984-10-01,
i32_unemp_exp,1985-01-01,
i32_unemp_exp,1985-04-01,
i32_unemp_exp,1985-07-01,
i32_unemp_exp,1985-10-01,
i32_unemp_exp,1986-01-01,
i32_unemp_exp,1986-04-01,
i32_unemp_exp,1986-07-01,
i32_unemp_exp,1986-10-01,
i32_unemp_exp,1987-01-01,
i32_unemp_exp,1987-04-01,
i32_unemp_exp,1987-07-01,
i32_unemp_exp,1987-10-01,
i32_unemp_exp,1988-01-01,
i32_unemp_exp,1988-04-01,
i32_unemp_exp,1988-07-01,
i32_unemp_exp,1988-10-01,
i32_unemp_exp,1989-01-01,
i32_unemp_exp,1989-04-01,
i32_unemp_exp,1989-07-01,
i32_unemp_exp,1989-10-01,
i32_unemp_exp,1990-01-01,
i32_unemp_exp,1990-04-01,
i32_unemp_exp,1990-07-01,
i32_unemp_exp,1990-10-01,
i32_unemp_exp,1991-01-01,
i32_unemp_exp,1991-04-01,
i32_unemp_exp,1991-07-01,
i32_unemp_exp,1991-10-01,
i32_unemp_exp,1992-01-01,
i32_unemp_exp,1992-04-01,
i32_unemp_exp,1992-07-01,
i32_unemp_exp,1992-10-01,
i32_unemp_exp,1993-01-01,
i32_unemp_exp,1993-04-01,
i32_unemp_exp,1993-07-01,
i32_unemp_exp,1993-10-01,
i32_unemp_exp,1994-01-01,
i32_unemp_exp,1994-04-01,
i32_unemp_exp,1994-07-01,
i32_unemp_exp,1994-10-01,
i32_unemp_exp,1995-01-01,
i32_unemp_exp,1995-04-01,
i32_unemp_exp,1995-07-01,
i32_unemp_exp,1995-10-01,
i32_unemp_exp,1996-01-01,
i32_unemp_exp,1996-04-01,
i32_unemp_exp,1996-07-01,
i32_unemp_exp,1996-10-01,
i32_unemp_exp,1997-01-01,
i32_unemp_exp,1997-04-01,
i32_unemp_exp,1997-07-01,
i32_unemp_exp,1997-10-01,
i32_unemp_exp,1998-01-01,
i32_unemp_exp,1998-04-01,
i32_unemp_exp,1998-07-01,
i32_unemp_exp,1998-10-01,
i32_unemp_exp,1999-01-01,
i32_unemp_exp,1999-04-01,
i32_unemp_exp,1999-07-01,
i32_unemp_exp,1999-10-01,
i32_unemp_exp,2000-01-01,
i32_unemp_exp,2000-04-01,
i32_unemp_exp,2000-07-01,
i32_unemp_exp,2000-10-01,
i32_unemp_exp,2001-01-01,
i32_unemp_exp,2001-04-01,
i32_unemp_exp,2001-07-01,
i32_unemp_exp,2001-10-01,
i32_unemp_exp,2002-01-01,
i32_unemp_exp,2002-04-01,
i32_unemp_exp,2002-07-01,
i32_unemp_exp,2002-10-01,
i32_unemp_exp,2003-01-01,
i32_unemp_exp,2003-04-01,
i32_unemp_exp,2003-07-01,
i32_unemp_exp,2003-10-01,
i32_unemp_exp,2004-01-01,
i32_unemp_exp,2004-04-01,
i32_unemp_exp,2004-07-01,
i32_unemp_exp,2004-10-01,
i32_unemp_exp,2005-01-01,
i32_unemp_exp,2005-04-01,
i32_unemp_exp,2005-07-01,
i32_unemp_exp,2005-10-01,
i32_unemp_exp,2006-01-01,
i32_unemp_exp,2006-04-01,
i32_unemp_exp,2006-07-01,
i32_unemp_exp,2006-10-01,
i32_unemp_exp,2007-01-01,
i32_unemp_exp,2007-04-01,-7.61523046092184
i32_unemp_exp,2007-07-01,3.32681017612524
i32_unemp_exp,2007-10-01,11.6591928251121
i32_unemp_exp,2008-01-01,12.5244618395303
i32_unemp_exp,2008-04-01,24.5948522402288
i32_unemp_exp,2008-07-01,33.9494163424125
i32_unemp_exp,2008-10-01,75.8587786259542
i32_unemp_exp,2009-01-01,110.857142857143
i32_unemp_exp,2009-04-01,130.314232902033
i32_unemp_exp,2009-07-01,117.1802054155
i32_unemp_exp,2009-10-01,87.9131255901794
i32_unemp_exp,2010-01-01,77.0892018779343
i32_unemp_exp,2010-04-01,8.44402277039848
i32_unemp_exp,2010-07-01,6.26168224299066
i32_unemp_exp,2010-10-01,17.4858223062382
i32_unemp_exp,2011-01-01,11.5678776290631
i32_unemp_exp,2011-04-01,16.3127413127413
i32_unemp_exp,2011-07-01,53.7356321839081
i32_unemp_exp,2011-10-01,72.577519379845
i32_unemp_exp,2012-01-01,71.2135465663217
i32_unemp_exp,2012-04-01,48.768054375531
i32_unemp_exp,2012-07-01,61.7915904936015
i32_unemp_exp,2012-10-01,66.5496049165935
i32_unemp_exp,2013-01-01,62.086513994911
i32_unemp_exp,2013-04-01,47.1232876712329
i32_unemp_exp,2013-07-01,54.0178571428571
i32_unemp_exp,2013-10-01,44.5355191256831
i32_unemp_exp,2014-01-01,39.7651006711409
i32_unemp_exp,2014-04-01,30.2544769085768
i32_unemp_exp,2014-07-01,33.4569045412419
i32_unemp_exp,2014-10-01,50.8282476024412
i32_unemp_exp,2015-01-01,52.0891364902507
i32_unemp_exp,2015-04-01,50.7827788649707
i32_unemp_exp,2015-07-01,64.7422680412371
i32_unemp_exp,2015-10-01,73.5042735042735
i32_unemp_exp,2016-01-01,68.1159420289855
i32_unemp_exp,2016-04-01,69.9090909090909
i32_unemp_exp,2016-07-01,60.7216494845361
i32_unemp_exp,2016-10-01,57.9654510556622
i32_unemp_exp,2017-01-01,48.1887110362258
i32_unemp_exp,2017-04-01,48.4330484330484
i32_unemp_exp,2017-07-01,41.0899653979239
i32_unemp_exp,2017-10-01,39.3382352941176
i32_unemp_exp,2018-01-01,25.9463179628355
i32_unemp_exp,2018-04-01,27.5949367088608
i41_fin_pos_hist,1972-10-01,21.6517857142857
i41_fin_pos_hist,1973-01-01,31.6810344827586
i41_fin_pos_hist,1973-04-01,27.2015655577299
i41_fin_pos_hist,1973-07-01,16.5898617511521
i41_fin_pos_hist,1973-10-01,9.18727915194346
i41_fin_pos_hist,1974-01-01,14.8623853211009
i41_fin_pos_hist,1974-04-01,4.55486542443064
i41_fin_pos_hist,1974-07-01,-4.32098765432099
i41_fin_pos_hist,1974-10-01,-2.7027027027027
i41_fin_pos_hist,1975-01-01,2.05761316872428
i41_fin_pos_hist,1975-04-01,0.46189376443418
i41_fin_pos_hist,1975-07-01,-6.1965811965812
i41_fin_pos_hist,1975-10-01,-6.43382352941176
i41_fin_pos_hist,1976-01-01,-15.3136531365314
i41_fin_pos_hist,1976-04-01,-14.7637795275591
i41_fin_pos_hist,1976-07-01,-8.05084745762712
i41_fin_pos_hist,1976-10-01,-6.61896243291592
i41_fin_pos_hist,1977-01-01,-8.95522388059701
i41_fin_pos_hist,1977-04-01,2.17391304347826
i41_fin_pos_hist,1977-07-01,0
i41_fin_pos_hist,1977-10-01,-5.26315789473684
i41_fin_pos_hist,1978-01-01,1.92982456140351
i41_fin_pos_hist,1978-04-01,2.89256198347107
i41_fin_pos_hist,1978-07-01,7.07070707070707
i41_fin_pos_hist,1978-10-01,-2.71317829457364
i41_fin_pos_hist,1979-01-01,9.64566929133858
i41_fin_pos_hist,1979-04-01,3.46232179226069
i41_fin_pos_hist,1979-07-01,-1.01626016260163
i41_fin_pos_hist,1979-10-01,4.58891013384321
i41_fin_pos_hist,1980-01-01,8.81057268722467
i41_fin_pos_hist,1980-04-01,14.2433234421365
i41_fin_pos_hist,1980-07-01,9.95607613469985
i41_fin_pos_hist,1980-10-01,6.91176470588235
i41_fin_pos_hist,1981-01-01,7.21062618595826
i41_fin_pos_hist,1981-04-01,-8.44564240790656
i41_fin_pos_hist,1981-07-01,-8.15370196813496
i41_fin_pos_hist,1981-10-01,-18.3085501858736
i41_fin_pos_hist,1982-01-01,-5.86046511627907
i41_fin_pos_hist,1982-04-01,-2.20994475138122
i41_fin_pos_hist,1982-07-01,-6.672760511883
i41_fin_pos_hist,1982-10-01,-11.2052730696798
i41_fin_pos_hist,1983-01-01,-4.27509293680297
i41_fin_pos_hist,1983-04-01,-2.22222222222222
i41_fin_pos_hist,1983-07-01,-8.69565217391304
i41_fin_pos_hist,1983-10-01,-8.88681010289991
i41_fin_pos_hist,1984-01-01,-1.49532710280374
i41_fin_pos_hist,1984-04-01,-3.18054256314312
i41_fin_pos_hist,1984-07-01,-1.39925373134328
i41_fin_pos_hist,1984-10-01,-5.032021957914
i41_fin_pos_hist,1985-01-01,5.47945205479452
i41_fin_pos_hist,1985-04-01,-3.72786579683131
i41_fin_pos_hist,1985-07-01,-1.29390018484288
i41_fin_pos_hist,1985-10-01,1.76252319109462
i41_fin_pos_hist,1986-01-01,13.8090824837813
i41_fin_pos_hist,1986-04-01,12.152133580705
i41_fin_pos_hist,1986-07-01,0.0931966449207829
i41_fin_pos_hist,1986-10-01,8.08823529411765
i41_fin_pos_hist,1987-01-01,8.2089552238806
i41_fin_pos_hist,1987-04-01,13.3580705009276
i41_fin_pos_hist,1987-07-01,8.08550185873606
i41_fin_pos_hist,1987-10-01,6.02739726027397
i41_fin_pos_hist,1988-01-01,9.26099158091674
i41_fin_pos_hist,1988-04-01,13.1332082551595
i41_fin_pos_hist,1988-07-01,9.24062214089662
i41_fin_pos_hist,1988-10-01,8.41908325537886
i41_fin_pos_hist,1989-01-01,17.5209692451072
i41_fin_pos_hist,1989-04-01,15.8730158730159
i41_fin_pos_hist,1989-07-01,1.19266055045872
i41_fin_pos_hist,1989-10-01,0.481695568400771
i41_fin_pos_hist,1990-01-01,3.74531835205993
i41_fin_pos_hist,1990-04-01,-1.95503421309873
i41_fin_pos_hist,1990-07-01,-3.12796208530806
i41_fin_pos_hist,1990-10-01,-20.9302325581395
i41_fin_pos_hist,1991-01-01,-13.3962264150943
i41_fin_pos_hist,1991-04-01,-17.9144385026738
i41_fin_pos_hist,1991-07-01,-13.3333333333333
i41_fin_pos_hist,1991-10-01,-25.5027422303474
i41_fin_pos_hist,1992-01-01,-22.9000884173298
i41_fin_pos_hist,1992-04-01,-23.3424159854678
i41_fin_pos_hist,1992-07-01,-29.0502793296089
i41_fin_pos_hist,1992-10-01,-26.6789328426863
i41_fin_pos_hist,1993-01-01,-21.8978102189781
i41_fin_pos_hist,1993-04-01,-28.5977859778598
i41_fin_pos_hist,1993-07-01,-36.1344537815126
i41_fin_pos_hist,1993-10-01,-27.7726856095325
i41_fin_pos_hist,1994-01-01,-20.7948243992606
i41_fin_pos_hist,1994-04-01,-22.3977695167286
i41_fin_pos_hist,1994-07-01,-23.463687150838
i41_fin_pos_hist,1994-10-01,-22.7188081936685
i41_fin_pos_hist,1995-01-01,-19.8905109489051
i41_fin_pos_hist,1995-04-01,-18.7556357078449
i41_fin_pos_hist,1995-07-01,-17.0620437956204
i41_fin_pos_hist,1995-10-01,-22.3707664884136
i41_fin_pos_hist,1996-01-01,-24.3589743589744
i41_fin_pos_hist,1996-04-01,-26.4211369095276
i41_fin_pos_hist,1996-07-01,-25.1133272892112
i41_fin_pos_hist,1996-10-01,-21.2896622313204
i41_fin_pos_hist,1997-01-01,-16.0860655737705
i41_fin_pos_hist,1997-04-01,-15.859938208033
i41_fin_pos_hist,1997-07-01,-16.5644171779141
i41_fin_pos_hist,1997-10-01,-18.3579335793358
i41_fin_pos_hist,1998-01-01,-10.634328358209
i41_fin_pos_hist,1998-04-01,-10.8837209302326
i41_fin_pos_hist,1998-07-01,-12.7579737335835
i41_fin_pos_hist,1998-10-01,-5.5765595463138
i41_fin_pos_hist,1999-01-01,-5.18378887841659
i41_fin_pos_hist,1999-04-01,-7.0829450139795
i41_fin_pos_hist,1999-07-01,-6.19796484736355
i41_fin_pos_hist,1999-10-01,-6.83520599250936
i41_fin_pos_hist,2000-01-01,4.05660377358491
i41_fin_pos_hist,2000-04-01,0.375586854460094
i41_fin_pos_hist,2000-07-01,-1.57261794634598
i41_fin_pos_hist,2000-10-01,0.0931098696461825
i41_fin_pos_hist,2001-01-01,9.8406747891284
i41_fin_pos_hist,2001-04-01,5.40037243947858
i41_fin_pos_hist,2001-07-01,0.375234521575985
i41_fin_pos_hist,2001-10-01,-1.40712945590994
i41_fin_pos_hist,2002-01-01,1.9755409219191
i41_fin_pos_hist,2002-04-01,-1.85873605947955
i41_fin_pos_hist,2002-07-01,-13.0718954248366
i41_fin_pos_hist,2002-10-01,-17.4515235457064
i41_fin_pos_hist,2003-01-01,-1.9644527595884
i41_fin_pos_hist,2003-04-01,-12.3720930232558
i41_fin_pos_hist,2003-07-01,-18.9897100093545
i41_fin_pos_hist,2003-10-01,-17.7674418604651
i41_fin_pos_hist,2004-01-01,-16.3720930232558
i41_fin_pos_hist,2004-04-01,-18.9814814814815
i41_fin_pos_hist,2004-07-01,-19.9814986123959
i41_fin_pos_hist,2004-10-01,-11.460258780037
i41_fin_pos_hist,2005-01-01,-8.82352941176471
i41_fin_pos_hist,2005-04-01,-9.42698706099815
i41_fin_pos_hist,2005-07-01,-12.2920517560074
i41_fin_pos_hist,2005-10-01,-14.3646408839779
i41_fin_pos_hist,2006-01-01,-1.6728624535316
i41_fin_pos_hist,2006-04-01,-1.66512488436633
i41_fin_pos_hist,2006-07-01,-6.93533270852859
i41_fin_pos_hist,2006-10-01,-8.04066543438078
i41_fin_pos_hist,2007-01-01,0.375234521575985
i41_fin_pos_hist,2007-04-01,1.1090573012939
i41_fin_pos_hist,2007-07-01,-4.15162454873646
i41_fin_pos_hist,2007-10-01,-3.37283500455789
i41_fin_pos_hist,2008-01-01,4.36397400185701
i41_fin_pos_hist,2008-04-01,-3.61111111111111
i41_fin_pos_hist,2008-07-01,-17.5438596491228
i41_fin_pos_hist,2008-10-01,-14.8698884758364
i41_fin_pos_hist,2009-01-01,-6.97674418604651
i41_fin_pos_hist,2009-04-01,-10.6267029972752
i41_fin_pos_hist,2009-07-01,-16.1764705882353
i41_fin_pos_hist,2009-10-01,-14.3904674610449
i41_fin_pos_hist,2010-01-01,-13.9194139194139
i41_fin_pos_hist,2010-04-01,-12.7757352941176
i41_fin_pos_hist,2010-07-01,-10.6074342701723
i41_fin_pos_hist,2010-10-01,-12.3626373626374
i41_fin_pos_hist,2011-01-01,-5.79044117647059
i41_fin_pos_hist,2011-04-01,-3.60777058279371
i41_fin_pos_hist,2011-07-01,-12.1546961325967
i41_fin_pos_hist,2011-10-01,-9.62072155411656
i41_fin_pos_hist,2012-01-01,-9.7361237488626
i41_fin_pos_hist,2012-04-01,-8.92561983471074
i41_fin_pos_hist,2012-07-01,-11.8173679498657
i41_fin_pos_hist,2012-10-01,-8.4192439862543
i41_fin_pos_hist,2013-01-01,-0.838222967309304
i41_fin_pos_hist,2013-04-01,-9.9728014505893
i41_fin_pos_hist,2013-07-01,-8.02792321116928
i41_fin_pos_hist,2013-10-01,-6.23885918003565
i41_fin_pos_hist,2014-01-01,-7.59183673469388
i41_fin_pos_hist,2014-04-01,-5.10018214936248
i41_fin_pos_hist,2014-07-01,-6.72116257947321
i41_fin_pos_hist,2014-10-01,-7.13671539122958
i41_fin_pos_hist,2015-01-01,-5.032021957914
i41_fin_pos_hist,2015-04-01,-3.61904761904762
i41_fin_pos_hist,2015-07-01,-11.6161616161616
i41_fin_pos_hist,2015-10-01,-10.4477611940299
i41_fin_pos_hist,2016-01-01,-4.76190476190476
i41_fin_pos_hist,2016-04-01,-5.66037735849057
i41_fin_pos_hist,2016-07-01,-13.5559921414538
i41_fin_pos_hist,2016-10-01,-12.4881740775781
i41_fin_pos_hist,2017-01-01,-10.1990049751244
i41_fin_pos_hist,2017-04-01,-12.6999059266228
i41_fin_pos_hist,2017-07-01,-11.4334470989761
i41_fin_pos_hist,2017-10-01,-14.143245693563
i41_fin_pos_hist,2018-01-01,-18.8768606224628
i41_fin_pos_hist,2018-04-01,-17.38768718802
i42_fin_pos_exp,1972-10-01,29.8823529411765
i42_fin_pos_exp,1973-01-01,14.9882903981265
i42_fin_pos_exp,1973-04-01,16.1224489795918
i42_fin_pos_exp,1973-07-01,9.85576923076923
i42_fin_pos_exp,1973-10-01,5.83804143126177
i42_fin_pos_exp,1974-01-01,9.33852140077821
i42_fin_pos_exp,1974-04-01,2
i42_fin_pos_exp,1974-07-01,-3.03030303030303
i42_fin_pos_exp,1974-10-01,2.68292682926829
i42_fin_pos_exp,1975-01-01,-6.85840707964602
i42_fin_pos_exp,1975-04-01,0.50251256281407
i42_fin_pos_exp,1975-07-01,-6.95067264573991
i42_fin_pos_exp,1975-10-01,-2.57936507936508
i42_fin_pos_exp,1976-01-01,-7.88461538461538
i42_fin_pos_exp,1976-04-01,5.4989816700611
i42_fin_pos_exp,1976-07-01,5.36912751677852
i42_fin_pos_exp,1976-10-01,4.24354243542435
i42_fin_pos_exp,1977-01-01,-8.49802371541502
i42_fin_pos_exp,1977-04-01,3.40264650283554
i42_fin_pos_exp,1977-07-01,7.13101160862355
i42_fin_pos_exp,1977-10-01,1.26050420168067
i42_fin_pos_exp,1978-01-01,6.56660412757974
i42_fin_pos_exp,1978-04-01,3.46320346320346
i42_fin_pos_exp,1978-07-01,7.83898305084746
i42_fin_pos_exp,1978-10-01,4.26829268292683
i42_fin_pos_exp,1979-01-01,6.93877551020408
i42_fin_pos_exp,1979-04-01,9.74025974025974
i42_fin_pos_exp,1979-07-01,9.93657505285412
i42_fin_pos_exp,1979-10-01,4.47154471544715
i42_fin_pos_exp,1980-01-01,8.81889763779528
i42_fin_pos_exp,1980-04-01,5.57275541795666
i42_fin_pos_exp,1980-07-01,11.6923076923077
i42_fin_pos_exp,1980-10-01,9.03522205206738
i42_fin_pos_exp,1981-01-01,2.44618395303327
i42_fin_pos_exp,1981-04-01,-4.38931297709924
i42_fin_pos_exp,1981-07-01,-3.75494071146245
i42_fin_pos_exp,1981-10-01,-6.87250996015936
i42_fin_pos_exp,1982-01-01,0.386847195357834
i42_fin_pos_exp,1982-04-01,-0.288184438040346
i42_fin_pos_exp,1982-07-01,-8.59903381642512
i42_fin_pos_exp,1982-10-01,-4.30950048971596
i42_fin_pos_exp,1983-01-01,-1.84287099903007
i42_fin_pos_exp,1983-04-01,-0.191021967526266
i42_fin_pos_exp,1983-07-01,-0.962463907603465
i42_fin_pos_exp,1983-10-01,0.788177339901478
i42_fin_pos_exp,1984-01-01,5.41586073500967
i42_fin_pos_exp,1984-04-01,5.21140609636185
i42_fin_pos_exp,1984-07-01,7.82013685239492
i42_fin_pos_exp,1984-10-01,4.61828463713478
i42_fin_pos_exp,1985-01-01,7.75047258979206
i42_fin_pos_exp,1985-04-01,4.70249520153551
i42_fin_pos_exp,1985-07-01,6.02294455066922
i42_fin_pos_exp,1985-10-01,11.4313160422671
i42_fin_pos_exp,1986-01-01,20.324427480916
i42_fin_pos_exp,1986-04-01,12.1788772597526
i42_fin_pos_exp,1986-07-01,7.69230769230769
i42_fin_pos_exp,1986-10-01,12.7884615384615
i42_fin_pos_exp,1987-01-01,12.8529698149951
i42_fin_pos_exp,1987-04-01,11.0576923076923
i42_fin_pos_exp,1987-07-01,13.0228136882129
i42_fin_pos_exp,1987-10-01,10.6870229007634
i42_fin_pos_exp,1988-01-01,12.1067683508103
i42_fin_pos_exp,1988-04-01,12.1359223300971
i42_fin_pos_exp,1988-07-01,14.2723004694836
i42_fin_pos_exp,1988-10-01,15.0339476236663
i42_fin_pos_exp,1989-01-01,18.7078109932498
i42_fin_pos_exp,1989-04-01,11.6279069767442
i42_fin_pos_exp,1989-07-01,3.83509108341323
i42_fin_pos_exp,1989-10-01,6.2374245472837
i42_fin_pos_exp,1990-01-01,1.17647058823529
i42_fin_pos_exp,1990-04-01,-0.606673407482305
i42_fin_pos_exp,1990-07-01,2.91164658634538
i42_fin_pos_exp,1990-10-01,-17.914979757085
i42_fin_pos_exp,1991-01-01,-19.219512195122
i42_fin_pos_exp,1991-04-01,-7.62867647058824
i42_fin_pos_exp,1991-07-01,-11.5273775216138
i42_fin_pos_exp,1991-10-01,-18.7378640776699
i42_fin_pos_exp,1992-01-01,-21.1293260473588
i42_fin_pos_exp,1992-04-01,-14.8916116870877
i42_fin_pos_exp,1992-07-01,-20.6333973128599
i42_fin_pos_exp,1992-10-01,-19.2344497607656
i42_fin_pos_exp,1993-01-01,-20.8333333333333
i42_fin_pos_exp,1993-04-01,-9.74212034383954
i42_fin_pos_exp,1993-07-01,-12.0889748549323
i42_fin_pos_exp,1993-10-01,-8.04162724692526
i42_fin_pos_exp,1994-01-01,-7.42150333016175
i42_fin_pos_exp,1994-04-01,-5.78034682080925
i42_fin_pos_exp,1994-07-01,-7.77988614800759
i42_fin_pos_exp,1994-10-01,-13.022351797862
i42_fin_pos_exp,1995-01-01,-24.8322147651007
i42_fin_pos_exp,1995-04-01,-8.25602968460111
i42_fin_pos_exp,1995-07-01,-8.69565217391304
i42_fin_pos_exp,1995-10-01,-6.62313432835821
i42_fin_pos_exp,1996-01-01,-14.2222222222222
i42_fin_pos_exp,1996-04-01,-11.5161557580779
i42_fin_pos_exp,1996-07-01,-13.2075471698113
i42_fin_pos_exp,1996-10-01,-10.3711790393013
i42_fin_pos_exp,1997-01-01,-1.06269925611052
i42_fin_pos_exp,1997-04-01,-2.14822771213749
i42_fin_pos_exp,1997-07-01,5.31914893617021
i42_fin_pos_exp,1997-10-01,0.776699029126214
i42_fin_pos_exp,1998-01-01,9.23965351299326
i42_fin_pos_exp,1998-04-01,5.17073170731707
i42_fin_pos_exp,1998-07-01,3.99221032132425
i42_fin_pos_exp,1998-10-01,8.34970530451866
i42_fin_pos_exp,1999-01-01,8.52713178294574
i42_fin_pos_exp,1999-04-01,4.52793834296725
i42_fin_pos_exp,1999-07-01,11.2294288480155
i42_fin_pos_exp,1999-10-01,8.88888888888889
i42_fin_pos_exp,2000-01-01,16.0696999031946
i42_fin_pos_exp,2000-04-01,13.8779527559055
i42_fin_pos_exp,2000-07-01,10.6280193236715
i42_fin_pos_exp,2000-10-01,10.536398467433
i42_fin_pos_exp,2001-01-01,17.6753121998079
i42_fin_pos_exp,2001-04-01,18.6952288218111
i42_fin_pos_exp,2001-07-01,11.4314115308151
i42_fin_pos_exp,2001-10-01,3.03030303030303
i42_fin_pos_exp,2002-01-01,14.3277723258096
i42_fin_pos_exp,2002-04-01,8.47619047619048
i42_fin_pos_exp,2002-07-01,6.37065637065637
i42_fin_pos_exp,2002-10-01,2.96650717703349
i42_fin_pos_exp,2003-01-01,7.99614643545279
i42_fin_pos_exp,2003-04-01,3.36538461538462
i42_fin_pos_exp,2003-07-01,2.33009708737864
i42_fin_pos_exp,2003-10-01,-1.34874759152216
i42_fin_pos_exp,2004-01-01,6.4638783269962
i42_fin_pos_exp,2004-04-01,5.16252390057361
i42_fin_pos_exp,2004-07-01,2.19047619047619
i42_fin_pos_exp,2004-10-01,3.52716873212583
i42_fin_pos_exp,2005-01-01,8.02238805970149
i42_fin_pos_exp,2005-04-01,5.10879848628193
i42_fin_pos_exp,2005-07-01,1.99619771863118
i42_fin_pos_exp,2005-10-01,2.83553875236295
i42_fin_pos_exp,2006-01-01,7.42857142857143
i42_fin_pos_exp,2006-04-01,6.84410646387833
i42_fin_pos_exp,2006-07-01,9.59843290891283
i42_fin_pos_exp,2006-10-01,4.64015151515152
i42_fin_pos_exp,2007-01-01,8.22966507177034
i42_fin_pos_exp,2007-04-01,10.9744560075686
i42_fin_pos_exp,2007-07-01,4.82374768089054
i42_fin_pos_exp,2007-10-01,11.5384615384615
i42_fin_pos_exp,2008-01-01,7.15648854961832
i42_fin_pos_exp,2008-04-01,7.23120837297812
i42_fin_pos_exp,2008-07-01,-9.21177587844254
i42_fin_pos_exp,2008-10-01,-8.97803247373448
i42_fin_pos_exp,2009-01-01,2.71580989330747
i42_fin_pos_exp,2009-04-01,-5.82159624413146
i42_fin_pos_exp,2009-07-01,-9.09952606635071
i42_fin_pos_exp,2009-10-01,0.379867046533713
i42_fin_pos_exp,2010-01-01,5.92105263157895
i42_fin_pos_exp,2010-04-01,7.46691871455577
i42_fin_pos_exp,2010-07-01,9.5636025998143
i42_fin_pos_exp,2010-10-01,2.59981429897864
i42_fin_pos_exp,2011-01-01,6.04343720491029
i42_fin_pos_exp,2011-04-01,5.87659157688541
i42_fin_pos_exp,2011-07-01,-1.6052880075543
i42_fin_pos_exp,2011-10-01,-3.04182509505703
i42_fin_pos_exp,2012-01-01,1.48148148148148
i42_fin_pos_exp,2012-04-01,0
i42_fin_pos_exp,2012-07-01,-3.36363636363636
i42_fin_pos_exp,2012-10-01,-2.35191637630662
i42_fin_pos_exp,2013-01-01,4.41426146010187
i42_fin_pos_exp,2013-04-01,2.37226277372263
i42_fin_pos_exp,2013-07-01,-0.712377560106857
i42_fin_pos_exp,2013-10-01,-0.452488687782806
i42_fin_pos_exp,2014-01-01,3.97022332506204
i42_fin_pos_exp,2014-04-01,0.834879406307978
i42_fin_pos_exp,2014-07-01,-2.40073868882733
i42_fin_pos_exp,2014-10-01,0.2601908065915
i42_fin_pos_exp,2015-01-01,2.0389249304912
i42_fin_pos_exp,2015-04-01,4.53230472516876
i42_fin_pos_exp,2015-07-01,-4.08580183861083
i42_fin_pos_exp,2015-10-01,-3.66541353383459
i42_fin_pos_exp,2016-01-01,0.675105485232067
i42_fin_pos_exp,2016-04-01,0.908265213442325
i42_fin_pos_exp,2016-07-01,-2.01816347124117
i42_fin_pos_exp,2016-10-01,-5.93869731800766
i42_fin_pos_exp,2017-01-01,-0.419111483654652
i42_fin_pos_exp,2017-04-01,-2.73069679849341
i42_fin_pos_exp,2017-07-01,-4.14150129421915
i42_fin_pos_exp,2017-10-01,-6.01092896174863
i42_fin_pos_exp,2018-01-01,-1.77960301163587
i42_fin_pos_exp,2018-04-01,-0.335289186923722
i51_save,1972-10-01,42.1052631578947
i51_save,1973-01-01,45.4545454545455
i51_save,1973-04-01,47.4849094567404
i51_save,1973-07-01,46.7625899280576
i51_save,1973-10-01,44.2201834862385
i51_save,1974-01-01,38.5496183206107
i51_save,1974-04-01,43.5897435897436
i51_save,1974-07-01,42.548596112311
i51_save,1974-10-01,34.5410628019324
i51_save,1975-01-01,41.49377593361
i51_save,1975-04-01,45.4767726161369
i51_save,1975-07-01,34.6067415730337
i51_save,1975-10-01,36.0074626865672
i51_save,1976-01-01,37.9506641366224
i51_save,1976-04-01,36.4541832669323
i51_save,1976-07-01,31.5677966101695
i51_save,1976-10-01,39.4927536231884
i51_save,1977-01-01,39.2045454545455
i51_save,1977-04-01,37.2222222222222
i51_save,1977-07-01,32.0785597381342
i51_save,1977-10-01,28.8343558282209
i51_save,1978-01-01,38.2978723404255
i51_save,1978-04-01,38.1856540084388
i51_save,1978-07-01,42.5661914460285
i51_save,1978-10-01,35.5289421157685
i51_save,1979-01-01,37.8217821782178
i51_save,1979-04-01,43.5416666666667
i51_save,1979-07-01,36.5344467640919
i51_save,1979-10-01,48.9021956087824
i51_save,1980-01-01,53.2640949554896
i51_save,1980-04-01,49.1827637444279
i51_save,1980-07-01,46.2222222222222
i51_save,1980-10-01,44.5783132530121
i51_save,1981-01-01,44.9760765550239
i51_save,1981-04-01,38.2433668801464
i51_save,1981-07-01,36.1641221374046
i51_save,1981-10-01,38.7218045112782
i51_save,1982-01-01,41.2488174077578
i51_save,1982-04-01,43.4086629001883
i51_save,1982-07-01,43.0826369545033
i51_save,1982-10-01,39.9243140964995
i51_save,1983-01-01,36.0486891385768
i51_save,1983-04-01,41.6745061147695
i51_save,1983-07-01,42.0805998125586
i51_save,1983-10-01,40.9774436090226
i51_save,1984-01-01,49.8076923076923
i51_save,1984-04-01,42.1845574387947
i51_save,1984-07-01,42.8708133971292
i51_save,1984-10-01,40.6367041198502
i51_save,1985-01-01,47.7611940298507
i51_save,1985-04-01,45.9357277882798
i51_save,1985-07-01,39.049394221808
i51_save,1985-10-01,42.7358490566038
i51_save,1986-01-01,50.9416195856874
i51_save,1986-04-01,46.264367816092
i51_save,1986-07-01,35.9022556390977
i51_save,1986-10-01,43.0308699719364
i51_save,1987-01-01,51.0536398467433
i51_save,1987-04-01,44.6848541862653
i51_save,1987-07-01,43.6311787072243
i51_save,1987-10-01,43.0178069353327
i51_save,1988-01-01,48.7547892720307
i51_save,1988-04-01,43.4362934362934
i51_save,1988-07-01,45.0467289719626
i51_save,1988-10-01,48.92578125
i51_save,1989-01-01,53.1219980787704
i51_save,1989-04-01,46.9856459330144
i51_save,1989-07-01,41.1764705882353
i51_save,1989-10-01,41.8905472636816
i51_save,1990-01-01,46.7757459095284
i51_save,1990-04-01,36.78391959799
i51_save,1990-07-01,42.0332355816227
i51_save,1990-10-01,29.4228949858089
i51_save,1991-01-01,35.6935014548982
i51_save,1991-04-01,36.0881542699725
i51_save,1991-07-01,41.6037735849057
i51_save,1991-10-01,37.1916508538899
i51_save,1992-01-01,46.4904284412033
i51_save,1992-04-01,31.4575645756458
i51_save,1992-07-01,40.0565504241282
i51_save,1992-10-01,42.2284644194757
i51_save,1993-01-01,42.3364485981308
i51_save,1993-04-01,33.6475023562677
i51_save,1993-07-01,34.2583732057416
i51_save,1993-10-01,37.360594795539
i51_save,1994-01-01,45.3080568720379
i51_save,1994-04-01,40.6340057636888
i51_save,1994-07-01,46.5230166503428
i51_save,1994-10-01,47.9346781940442
i51_save,1995-01-01,45.873320537428
i51_save,1995-04-01,39.1223155929038
i51_save,1995-07-01,38.2213812677389
i51_save,1995-10-01,35.7884796978281
i51_save,1996-01-01,39.4160583941606
i51_save,1996-04-01,29.9258037922506
i51_save,1996-07-01,29.1115311909263
i51_save,1996-10-01,28.8381742738589
i51_save,1997-01-01,35.3720693170235
i51_save,1997-04-01,31.7476732161324
i51_save,1997-07-01,33.7823834196891
i51_save,1997-10-01,33.1150608044902
i51_save,1998-01-01,42.7221172022684
i51_save,1998-04-01,36.6197183098592
i51_save,1998-07-01,38.2857142857143
i51_save,1998-10-01,43.3333333333333
i51_save,1999-01-01,49.476688867745
i51_save,1999-04-01,50.750469043152
i51_save,1999-07-01,44.7343895619758
i51_save,1999-10-01,47.1199244570349
i51_save,2000-01-01,48.6071085494717
i51_save,2000-04-01,48.5822306238185
i51_save,2000-07-01,42.2562141491396
i51_save,2000-10-01,36.372269705603
i51_save,2001-01-01,49.9051233396585
i51_save,2001-04-01,47.8793590951932
i51_save,2001-07-01,47.1751412429379
i51_save,2001-10-01,45.9047619047619
i51_save,2002-01-01,52.8046421663443
i51_save,2002-04-01,47.1984805318139
i51_save,2002-07-01,39.9436090225564
i51_save,2002-10-01,37.6525821596244
i51_save,2003-01-01,44.3702290076336
i51_save,2003-04-01,37.9115710253998
i51_save,2003-07-01,47.9885057471264
i51_save,2003-10-01,37.8585086042065
i51_save,2004-01-01,38.6729857819905
i51_save,2004-04-01,37.4412041392286
i51_save,2004-07-01,32.2097378277154
i51_save,2004-10-01,45.2759588400374
i51_save,2005-01-01,46.8779123951538
i51_save,2005-04-01,43.2179607109448
i51_save,2005-07-01,38.5192127460169
i51_save,2005-10-01,47.33395696913
i51_save,2006-01-01,47.7851083883129
i51_save,2006-04-01,41.2921348314607
i51_save,2006-07-01,40.3791469194313
i51_save,2006-10-01,39.6471680594243
i51_save,2007-01-01,41.9415645617342
i51_save,2007-04-01,43.9622641509434
i51_save,2007-07-01,34.9862258953168
i51_save,2007-10-01,45.7328385899815
i51_save,2008-01-01,46.6480446927374
i51_save,2008-04-01,50.1883239171375
i51_save,2008-07-01,43.1115276476101
i51_save,2008-10-01,36.9850187265918
i51_save,2009-01-01,40.3738317757009
i51_save,2009-04-01,35.8455882352941
i51_save,2009-07-01,37.4768089053803
i51_save,2009-10-01,35.1201478743068
i51_save,2010-01-01,37.7551020408163
i51_save,2010-04-01,34.8470806302132
i51_save,2010-07-01,43.394495412844
i51_save,2010-10-01,37.0267774699908
i51_save,2011-01-01,43.2029795158287
i51_save,2011-04-01,24.4821092278719
i51_save,2011-07-01,38.9405204460967
i51_save,2011-10-01,40.8239700374532
i51_save,2012-01-01,41.3443830570902
i51_save,2012-04-01,40.8180300500835
i51_save,2012-07-01,40.1610017889088
i51_save,2012-10-01,48.1481481481482
i51_save,2013-01-01,50
i51_save,2013-04-01,40.6733393994541
i51_save,2013-07-01,45.4706927175844
i51_save,2013-10-01,41.4721723518851
i51_save,2014-01-01,46.9084913437758
i51_save,2014-04-01,43.6179981634527
i51_save,2014-07-01,46.0766423357664
i51_save,2014-10-01,40.3630077787381
i51_save,2015-01-01,49.3518518518519
i51_save,2015-04-01,45.0048496605238
i51_save,2015-07-01,40.0813835198372
i51_save,2015-10-01,45.5140186915888
i51_save,2016-01-01,45.7841483979764
i51_save,2016-04-01,44.5248868778281
i51_save,2016-07-01,36.9672943508424
i51_save,2016-10-01,42.4787133396405
i51_save,2017-01-01,40.6197654941374
i51_save,2017-04-01,42.7083333333333
i51_save,2017-07-01,46.545768566494
i51_save,2017-10-01,42.4545454545455
i51_save,2018-01-01,37.5512995896033
i51_save,2018-04-01,40.3523489932886
i52_spend,1972-10-01,30.3258145363409
i52_spend,1973-01-01,6.80100755667506
i52_spend,1973-04-01,18.1818181818182
i52_spend,1973-07-01,19.3633952254642
i52_spend,1973-10-01,11.5009746588694
i52_spend,1974-01-01,-2.29166666666667
i52_spend,1974-04-01,4.50450450450451
i52_spend,1974-07-01,2.36406619385343
i52_spend,1974-10-01,-11.4795918367347
i52_spend,1975-01-01,-36.6071428571429
i52_spend,1975-04-01,-24.9370277078086
i52_spend,1975-07-01,-37.5
i52_spend,1975-10-01,-19.1446028513238
i52_spend,1976-01-01,-18.7891440501044
i52_spend,1976-04-01,-3.17796610169492
i52_spend,1976-07-01,6.55737704918033
i52_spend,1976-10-01,1.80360721442886
i52_spend,1977-01-01,-8.62422997946612
i52_spend,1977-04-01,13.7420718816068
i52_spend,1977-07-01,4.90018148820327
i52_spend,1977-10-01,5.02392344497608
i52_spend,1978-01-01,12.678936605317
i52_spend,1978-04-01,13.0630630630631
i52_spend,1978-07-01,10.6235565819861
i52_spend,1978-10-01,9.64125560538117
i52_spend,1979-01-01,11.2612612612613
i52_spend,1979-04-01,15.1869158878505
i52_spend,1979-07-01,0.488997555012225
i52_spend,1979-10-01,4.32900432900433
i52_spend,1980-01-01,1.16279069767442
i52_spend,1980-04-01,1.60513643659711
i52_spend,1980-07-01,-5.89225589225589
i52_spend,1980-10-01,0.483091787439614
i52_spend,1981-01-01,3.73532550693703
i52_spend,1981-04-01,-4.82546201232033
i52_spend,1981-07-01,-6.5945945945946
i52_spend,1981-10-01,-15.4929577464789
i52_spend,1982-01-01,-10.7107107107107
i52_spend,1982-04-01,-17.8461538461538
i52_spend,1982-07-01,-15.2439024390244
i52_spend,1982-10-01,-16.8024439918534
i52_spend,1983-01-01,-21.8163869693978
i52_spend,1983-04-01,-6.26895854398382
i52_spend,1983-07-01,-5.04540867810293
i52_spend,1983-10-01,-13.2602193419741
i52_spend,1984-01-01,-3.24214792299899
i52_spend,1984-04-01,-6.37450199203187
i52_spend,1984-07-01,-4.35663627152989
i52_spend,1984-10-01,-7.80487804878049
i52_spend,1985-01-01,4.0281973816717
i52_spend,1985-04-01,0
i52_spend,1985-07-01,-3.13765182186235
i52_spend,1985-10-01,5.59440559440559
i52_spend,1986-01-01,7.9333986287953
i52_spend,1986-04-01,10.9533468559838
i52_spend,1986-07-01,2.27272727272727
i52_spend,1986-10-01,6.49484536082474
i52_spend,1987-01-01,15.0943396226415
i52_spend,1987-04-01,9.58904109589041
i52_spend,1987-07-01,5.33049040511727
i52_spend,1987-10-01,-3.2355915065723
i52_spend,1988-01-01,6.27490039840637
i52_spend,1988-04-01,4.9645390070922
i52_spend,1988-07-01,4.15430267062315
i52_spend,1988-10-01,5.38617886178862
i52_spend,1989-01-01,19.331983805668
i52_spend,1989-04-01,12.124248496994
i52_spend,1989-07-01,-2.35756385068762
i52_spend,1989-10-01,-2.0703933747412
i52_spend,1990-01-01,-2.96827021494371
i52_spend,1990-04-01,-14.8577449947313
i52_spend,1990-07-01,-8.44017094017094
i52_spend,1990-10-01,-23.3805668016194
i52_spend,1991-01-01,-28.5714285714286
i52_spend,1991-04-01,-18.252427184466
i52_spend,1991-07-01,-24.2147922998987
i52_spend,1991-10-01,-31.8452380952381
i52_spend,1992-01-01,-28.912213740458
i52_spend,1992-04-01,-31.532416502947
i52_spend,1992-07-01,-31.8681318681319
i52_spend,1992-10-01,-31.3492063492064
i52_spend,1993-01-01,-24.8289345063539
i52_spend,1993-04-01,-26.6073194856578
i52_spend,1993-07-01,-27.3453093812375
i52_spend,1993-10-01,-17.2962226640159
i52_spend,1994-01-01,-7.9476861167002
i52_spend,1994-04-01,-5.99033816425121
i52_spend,1994-07-01,-3.64333652924257
i52_spend,1994-10-01,-0.589390962671906
i52_spend,1995-01-01,-23.4723569350146
i52_spend,1995-04-01,-15.9420289855072
i52_spend,1995-07-01,-10.1241642788921
i52_spend,1995-10-01,-10.2099236641221
i52_spend,1996-01-01,-8.98366606170599
i52_spend,1996-04-01,-15.8291457286432
i52_spend,1996-07-01,-16.9601482854495
i52_spend,1996-10-01,-10.223642172524
i52_spend,1997-01-01,-11.0876451953538
i52_spend,1997-04-01,-15.1738672286618
i52_spend,1997-07-01,-9.85010706638116
i52_spend,1997-10-01,-13.1857555341675
i52_spend,1998-01-01,-11.4341085271318
i52_spend,1998-04-01,-2.35756385068762
i52_spend,1998-07-01,6.1046511627907
i52_spend,1998-10-01,5.84158415841584
i52_spend,1999-01-01,-0.406917599186165
i52_spend,1999-04-01,4.32645034414946
i52_spend,1999-07-01,-5.70866141732284
i52_spend,1999-10-01,-3.17460317460317
i52_spend,2000-01-01,5.02008032128514
i52_spend,2000-04-01,-3.7
i52_spend,2000-07-01,-6.84261974584555
i52_spend,2000-10-01,-17.8362573099415
i52_spend,2001-01-01,-14.7117296222664
i52_spend,2001-04-01,-9.82142857142857
i52_spend,2001-07-01,-13.5693215339233
i52_spend,2001-10-01,-23.1071779744346
i52_spend,2002-01-01,-13.5826771653543
i52_spend,2002-04-01,-16.4532019704434
i52_spend,2002-07-01,-21.7038539553753
i52_spend,2002-10-01,-31.0875842155919
i52_spend,2003-01-01,-21.9748305905131
i52_spend,2003-04-01,-26.3558515699334
i52_spend,2003-07-01,-19.9230028873917
i52_spend,2003-10-01,-22.4926971762415
i52_spend,2004-01-01,-20.3488372093023
i52_spend,2004-04-01,-14.4774688398849
i52_spend,2004-07-01,-28.1636536631779
i52_spend,2004-10-01,-27.7407054337464
i52_spend,2005-01-01,-18.8034188034188
i52_spend,2005-04-01,-21.9465648854962
i52_spend,2005-07-01,-17.8227360308285
i52_spend,2005-10-01,-20.0190657769304
i52_spend,2006-01-01,-11.3702623906706
i52_spend,2006-04-01,-12.0505344995141
i52_spend,2006-07-01,-14.9038461538462
i52_spend,2006-10-01,-9.61538461538462
i52_spend,2007-01-01,-7.421875
i52_spend,2007-04-01,-14.2583732057416
i52_spend,2007-07-01,-16.6666666666667
i52_spend,2007-10-01,-15.1486097794823
i52_spend,2008-01-01,-6.43611911623439
i52_spend,2008-04-01,-4.53230472516876
i52_spend,2008-07-01,-23.2468780019212
i52_spend,2008-10-01,-24.5885769603098
i52_spend,2009-01-01,-1.74249757986447
i52_spend,2009-04-01,-1.64092664092664
i52_spend,2009-07-01,-0.388349514563107
i52_spend,2009-10-01,-2.5763358778626
i52_spend,2010-01-01,10.2983638113571
i52_spend,2010-04-01,-1.75609756097561
i52_spend,2010-07-01,1.2464046021093
i52_spend,2010-10-01,2.88739172281039
i52_spend,2011-01-01,6.04838709677419
i52_spend,2011-04-01,-1.09780439121757
i52_spend,2011-07-01,-2.06692913385827
i52_spend,2011-10-01,11.5572967678746
i52_spend,2012-01-01,16.1849710982659
i52_spend,2012-04-01,0.519031141868512
i52_spend,2012-07-01,-1.58434296365331
i52_spend,2012-10-01,-0.789473684210526
i52_spend,2013-01-01,8.56164383561644
i52_spend,2013-04-01,4.92565055762082
i52_spend,2013-07-01,0.272975432211101
i52_spend,2013-10-01,-4.88721804511278
i52_spend,2014-01-01,7.7120822622108
i52_spend,2014-04-01,1.13636363636364
i52_spend,2014-07-01,8.38769804287046
i52_spend,2014-10-01,-1.23239436619718
i52_spend,2015-01-01,7.43179680150517
i52_spend,2015-04-01,15.4455445544554
i52_spend,2015-07-01,6.23700623700624
i52_spend,2015-10-01,-4.6556741028128
i52_spend,2016-01-01,2.92850990525409
i52_spend,2016-04-01,0.83955223880597
i52_spend,2016-07-01,-0.308959835221421
i52_spend,2016-10-01,-2.42718446601942
i52_spend,2017-01-01,3.5405872193437
i52_spend,2017-04-01,-5.62560620756547
i52_spend,2017-07-01,-3.83586083853702
i52_spend,2017-10-01,-10.3544776119403
i52_spend,2018-01-01,-5.65247732030705
i52_spend,2018-04-01,-12.2448979591837
i53_save_exp,1972-10-01,
i53_save_exp,1973-01-01,
i53_save_exp,1973-04-01,
i53_save_exp,1973-07-01,
i53_save_exp,1973-10-01,
i53_save_exp,1974-01-01,
i53_save_exp,1974-04-01,
i53_save_exp,1974-07-01,
i53_save_exp,1974-10-01,
i53_save_exp,1975-01-01,
i53_save_exp,1975-04-01,
i53_save_exp,1975-07-01,
i53_save_exp,1975-10-01,
i53_save_exp,1976-01-01,
i53_save_exp,1976-04-01,
i53_save_exp,1976-07-01,
i53_save_exp,1976-10-01,
i53_save_exp,1977-01-01,
i53_save_exp,1977-04-01,
i53_save_exp,1977-07-01,
i53_save_exp,1977-10-01,
i53_save_exp,1978-01-01,
i53_save_exp,1978-04-01,
i53_save_exp,1978-07-01,
i53_save_exp,1978-10-01,
i53_save_exp,1979-01-01,
i53_save_exp,1979-04-01,
i53_save_exp,1979-07-01,
i53_save_exp,1979-10-01,
i53_save_exp,1980-01-01,
i53_save_exp,1980-04-01,
i53_save_exp,1980-07-01,
i53_save_exp,1980-10-01,
i53_save_exp,1981-01-01,
i53_save_exp,1981-04-01,
i53_save_exp,1981-07-01,
i53_save_exp,1981-10-01,
i53_save_exp,1982-01-01,
i53_save_exp,1982-04-01,
i53_save_exp,1982-07-01,
i53_save_exp,1982-10-01,
i53_save_exp,1983-01-01,
i53_save_exp,1983-04-01,
i53_save_exp,1983-07-01,
i53_save_exp,1983-10-01,
i53_save_exp,1984-01-01,
i53_save_exp,1984-04-01,
i53_save_exp,1984-07-01,
i53_save_exp,1984-10-01,
i53_save_exp,1985-01-01,
i53_save_exp,1985-04-01,
i53_save_exp,1985-07-01,
i53_save_exp,1985-10-01,
i53_save_exp,1986-01-01,
i53_save_exp,1986-04-01,
i53_save_exp,1986-07-01,
i53_save_exp,1986-10-01,
i53_save_exp,1987-01-01,
i53_save_exp,1987-04-01,
i53_save_exp,1987-07-01,
i53_save_exp,1987-10-01,
i53_save_exp,1988-01-01,
i53_save_exp,1988-04-01,
i53_save_exp,1988-07-01,
i53_save_exp,1988-10-01,
i53_save_exp,1989-01-01,
i53_save_exp,1989-04-01,
i53_save_exp,1989-07-01,
i53_save_exp,1989-10-01,
i53_save_exp,1990-01-01,
i53_save_exp,1990-04-01,
i53_save_exp,1990-07-01,
i53_save_exp,1990-10-01,
i53_save_exp,1991-01-01,
i53_save_exp,1991-04-01,
i53_save_exp,1991-07-01,
i53_save_exp,1991-10-01,
i53_save_exp,1992-01-01,
i53_save_exp,1992-04-01,
i53_save_exp,1992-07-01,
i53_save_exp,1992-10-01,
i53_save_exp,1993-01-01,
i53_save_exp,1993-04-01,
i53_save_exp,1993-07-01,
i53_save_exp,1993-10-01,
i53_save_exp,1994-01-01,
i53_save_exp,1994-04-01,
i53_save_exp,1994-07-01,
i53_save_exp,1994-10-01,
i53_save_exp,1995-01-01,
i53_save_exp,1995-04-01,
i53_save_exp,1995-07-01,
i53_save_exp,1995-10-01,
i53_save_exp,1996-01-01,
i53_save_exp,1996-04-01,
i53_save_exp,1996-07-01,
i53_save_exp,1996-10-01,
i53_save_exp,1997-01-01,
i53_save_exp,1997-04-01,
i53_save_exp,1997-07-01,
i53_save_exp,1997-10-01,
i53_save_exp,1998-01-01,
i53_save_exp,1998-04-01,
i53_save_exp,1998-07-01,
i53_save_exp,1998-10-01,
i53_save_exp,1999-01-01,
i53_save_exp,1999-04-01,
i53_save_exp,1999-07-01,
i53_save_exp,1999-10-01,
i53_save_exp,2000-01-01,
i53_save_exp,2000-04-01,
i53_save_exp,2000-07-01,
i53_save_exp,2000-10-01,
i53_save_exp,2001-01-01,
i53_save_exp,2001-04-01,
i53_save_exp,2001-07-01,
i53_save_exp,2001-10-01,
i53_save_exp,2002-01-01,
i53_save_exp,2002-04-01,
i53_save_exp,2002-07-01,
i53_save_exp,2002-10-01,
i53_save_exp,2003-01-01,
i53_save_exp,2003-04-01,
i53_save_exp,2003-07-01,
i53_save_exp,2003-10-01,
i53_save_exp,2004-01-01,
i53_save_exp,2004-04-01,
i53_save_exp,2004-07-01,
i53_save_exp,2004-10-01,
i53_save_exp,2005-01-01,
i53_save_exp,2005-04-01,
i53_save_exp,2005-07-01,
i53_save_exp,2005-10-01,
i53_save_exp,2006-01-01,
i53_save_exp,2006-04-01,
i53_save_exp,2006-07-01,
i53_save_exp,2006-10-01,
i53_save_exp,2007-01-01,
i53_save_exp,2007-04-01,13.3333333333333
i53_save_exp,2007-07-01,9.05730129390018
i53_save_exp,2007-10-01,47.9674796747968
i53_save_exp,2008-01-01,31.9702602230483
i53_save_exp,2008-04-01,36.6317792578497
i53_save_exp,2008-07-01,19.8863636363636
i53_save_exp,2008-10-01,3.96600566572238
i53_save_exp,2009-01-01,14.4497607655502
i53_save_exp,2009-04-01,4.01119402985075
i53_save_exp,2009-07-01,1.68539325842697
i53_save_exp,2009-10-01,13.0028063610851
i53_save_exp,2010-01-01,19.421101774043
i53_save_exp,2010-04-01,14.8533585619678
i53_save_exp,2010-07-01,27.1296296296296
i53_save_exp,2010-10-01,24.1509433962264
i53_save_exp,2011-01-01,29.8013245033113
i53_save_exp,2011-04-01,-9.06403940886699
i53_save_exp,2011-07-01,8.85956644674835
i53_save_exp,2011-10-01,15.719696969697
i53_save_exp,2012-01-01,21.5023474178404
i53_save_exp,2012-04-01,19.915611814346
i53_save_exp,2012-07-01,15.2173913043478
i53_save_exp,2012-10-01,24.7619047619048
i53_save_exp,2013-01-01,34.1236240474174
i53_save_exp,2013-04-01,23.400365630713
i53_save_exp,2013-07-01,25.8896797153025
i53_save_exp,2013-10-01,25.3187613843352
i53_save_exp,2014-01-01,25.0415973377704
i53_save_exp,2014-04-01,25.3968253968254
i53_save_exp,2014-07-01,28.4798534798535
i53_save_exp,2014-10-01,19.0932868352223
i53_save_exp,2015-01-01,37.962962962963
i53_save_exp,2015-04-01,30.5283757338552
i53_save_exp,2015-07-01,18.3694530443756
i53_save_exp,2015-10-01,22.7144203581527
i53_save_exp,2016-01-01,28.1117696867062
i53_save_exp,2016-04-01,27.1818181818182
i53_save_exp,2016-07-01,20.2594810379242
i53_save_exp,2016-10-01,16.888045540797
i53_save_exp,2017-01-01,21.4043993231811
i53_save_exp,2017-04-01,15.1969981238274
i53_save_exp,2017-07-01,16.8831168831169
i53_save_exp,2017-10-01,21.9266055045872
i53_save_exp,2018-01-01,15.9231297185999
i53_save_exp,2018-04-01,21.2730318257956
